"run_date","experiment","start_time","culture","diet","tube","minute","second","time","rank","ct_max","ramp_rate","length","sex","run","cumul_day","rep","rep_day"
"2022-07-10","two","1899-12-31 12:00:00","July","fed",1,71,0,69,7,34.8151041666667,0.181599650349643,0.869,"f",11,0,1,0
"2022-07-10","two","1899-12-31 12:00:00","July","fed",2,72,57,70.95,3,35.1822916666667,0.182167832167826,0.802,"f",11,0,1,0
"2022-07-10","two","1899-12-31 12:00:00","July","fed",3,73,53,71.8833333333333,2,35.375,0.182167832167825,0.82,"f",11,0,1,0
"2022-07-10","two","1899-12-31 12:00:00","July","fed",4,72,41,70.6833333333333,4,35.1416666666667,0.182167832167826,0.771,"f",11,0,1,0
"2022-07-10","two","1899-12-31 12:00:00","July","fed",5,72,19,70.3166666666667,5,35.0520833333333,0.182167832167826,0.818,"f",11,0,1,0
"2022-07-10","two","1899-12-31 12:00:00","July","fed",6,67,51,65.85,10,34.25,0.191258741258734,0.814,"f",11,0,1,0
"2022-07-10","two","1899-12-31 12:00:00","July","fed",7,71,30,69.5,6,34.9077380952381,0.179195804195796,0.773,"f",11,0,1,0
"2022-07-10","two","1899-12-31 12:00:00","July","fed",8,70,18,68.3,8,34.6898148148148,0.18374125874125,0.812,"f",11,0,1,0
"2022-07-10","two","1899-12-31 12:00:00","July","fed",9,69,48,67.8,9,34.5909090909091,0.184090909090899,0.851,"f",11,0,1,0
"2022-07-10","two","1899-12-31 12:00:00","July","fed",10,76,9,74.15,1,35.8125,0.170104895104892,0.805,"f",11,0,1,0
"2022-07-11","two","1899-12-31 12:25:00","July","fed",1,67,14,65.2333333333333,7,34.8671875,0.182517482517474,0.795,"fem",12,1,1,1
"2022-07-11","two","1899-12-31 12:25:00","July","starvation",2,71,11,69.1833333333333,3,35.6302083333333,0.186188811188801,0.792,"fem",12,1,1,1
"2022-07-11","two","1899-12-31 12:25:00","July","fed",3,71,42,69.7,2,35.75,0.186188811188801,0.768,"fem",12,1,1,1
"2022-07-11","two","1899-12-31 12:25:00","July","fed",4,69,46,67.7666666666667,4,35.3625,0.182867132867121,0.799,"fem",12,1,1,1
"2022-07-11","two","1899-12-31 12:25:00","July","fed",5,66,36,64.6,8,34.7416666666667,0.179720279720273,0.857,"fem",12,1,1,1
"2022-07-11","two","1899-12-31 12:25:00","July","starvation",6,66,6,64.1,9,34.6401515151515,0.179720279720273,0.774,"fem",12,1,1,1
"2022-07-11","two","1899-12-31 12:25:00","July","starvation",8,72,29,70.4833333333333,1,35.8958333333333,0.186888111888105,0.77,"fem",12,1,1,1
"2022-07-11","two","1899-12-31 12:25:00","July","starvation",9,67,54,65.9,6,35,0.182517482517474,0.832,"fem",12,1,1,1
"2022-07-11","two","1899-12-31 12:25:00","July","starvation",10,69,17,67.2833333333333,5,35.2569444444444,0.182867132867121,0.824,"fem",12,1,1,1
"2022-07-12","two","1899-12-31 12:05:00","July","starvation",1,68,25,66.4166666666667,10,34.4299242424242,0.191433566433561,0.842,"fem",13,2,1,2
"2022-07-12","two","1899-12-31 12:05:00","July","fed",2,75,8,73.1333333333333,1,35.7708333333333,0.194230769230765,0.824,"fem",13,2,1,2
"2022-07-12","two","1899-12-31 12:05:00","July","fed",3,71,30,69.5,6,35.0327380952381,0.1826923076923,0.849,"fem",13,2,1,2
"2022-07-12","two","1899-12-31 12:05:00","July","starvation",4,71,2,69.0333333333333,7,34.9375,0.1826923076923,0.764,"fem",13,2,1,2
"2022-07-12","two","1899-12-31 12:05:00","July","fed",5,72,46,70.7666666666667,5,35.2708333333333,0.176748251748244,0.811,"fem",13,2,1,2
"2022-07-12","two","1899-12-31 12:05:00","July","fed",6,70,22,68.3666666666667,8,34.8104166666667,0.184265734265727,0.824,"fem",13,2,1,2
"2022-07-12","two","1899-12-31 12:05:00","July","starvation",7,74,34,72.5666666666667,2,35.65625,0.189510489510482,0.826,"fem",13,2,1,2
"2022-07-12","two","1899-12-31 12:05:00","July","starvation",8,69,44,67.7333333333333,9,34.6895833333333,0.18811188811188,0.777,"fem",13,2,1,2
"2022-07-12","two","1899-12-31 12:05:00","July","fed",9,74,5,72.0833333333333,3,35.5277777777778,0.189510489510482,0.802,"fem",13,2,1,2
"2022-07-12","two","1899-12-31 12:05:00","July","starvation",10,73,36,71.6,4,35.4458333333333,0.180069930069924,0.784,"fem",13,2,1,2
"2022-07-13","two","1899-12-31 12:05:00","July","fed",1,74,45,72.75,1,35.7916666666667,0.176748251748247,0.813,"fem",14,3,1,3
"2022-07-13","two","1899-12-31 12:05:00","July","fed",3,72,24,70.4,3,35.3402777777778,0.174475524475515,0.868,"fem",14,3,1,3
"2022-07-13","two","1899-12-31 12:05:00","July","starvation",4,41,54,39.9,7,29.0963541666667,0.234440559440549,0.8,"fem",14,3,1,3
"2022-07-13","two","1899-12-31 12:05:00","July","starvation",5,66,29,64.4833333333333,5,34.2361111111111,0.183041958041952,0.833,"fem",14,3,1,3
"2022-07-13","two","1899-12-31 12:05:00","July","starvation",7,67,17,65.2833333333333,4,34.4,0.181818181818174,0.855,"fem",14,3,1,3
"2022-07-13","two","1899-12-31 12:05:00","July","fed",8,72,54,70.9,2,35.4479166666667,0.174475524475515,0.765,"fem",14,3,1,3
"2022-07-13","two","1899-12-31 12:05:00","July","starvation",10,64,25,62.4166666666667,6,33.8255208333333,0.191958041958037,0.786,"fem",14,3,1,3
"2022-07-14","two","1899-12-31 13:40:00","July","fed",1,66,33,64.55,6,34.4851190476191,0.196853146853143,0.779,"fem",15,4,1,4
"2022-07-14","two","1899-12-31 13:40:00","July","fed",2,68,3,66.05,5,34.7881944444444,0.196328671328663,0.796,"fem",15,4,1,4
"2022-07-14","two","1899-12-31 13:40:00","July","starvation",4,53,28,51.4666666666667,7,31.84375,0.209615384615376,0.815,"fem",15,4,1,4
"2022-07-14","two","1899-12-31 13:40:00","July","starvation",5,72,14,70.2333333333333,3,35.6041666666667,0.190209790209782,0.832,"fem",15,4,1,4
"2022-07-14","two","1899-12-31 13:40:00","July","fed",6,73,33,71.55,1,35.875,0.19108391608391,0.788,"fem",15,4,1,4
"2022-07-14","two","1899-12-31 13:40:00","July","fed",7,68,51,66.85,4,34.9541666666667,0.196328671328663,0.811,"fem",15,4,1,4
"2022-07-14","two","1899-12-31 13:40:00","July","starvation",9,33,55,31.9166666666667,8,27.4837962962963,0.236713286713281,0.813,"fem",15,4,1,4
"2022-07-14","two","1899-12-31 13:40:00","July","fed",10,72,54,70.9,2,35.71875,0.190209790209782,0.834,"fem",15,4,1,4
"2022-07-15","two","1899-12-31 12:20:00","July","starvation",1,19,56,17.9333333333333,7,23.5601851851852,0.26573426573426,0.745,"fem",16,5,1,5
"2022-07-15","two","1899-12-31 12:20:00","July","starvation",2,16,8,14.1333333333333,8,22.5708333333333,0.28356643356643,0.815,"fem",16,5,1,5
"2022-07-15","two","1899-12-31 12:20:00","July","fed",4,75,55,73.9166666666667,2,36.0520833333333,0.197202797202795,0.783,"fem",16,5,1,5
"2022-07-15","two","1899-12-31 12:20:00","July","fed",5,65,16,63.2666666666667,6,33.9345238095238,0.201398601398596,0.792,"fem",16,5,1,5
"2022-07-15","two","1899-12-31 12:20:00","July","starvation",6,68,43,66.7166666666667,4,34.6208333333333,0.194055944055934,0.82,"fem",16,5,1,5
"2022-07-15","two","1899-12-31 12:20:00","July","fed",8,71,20,69.3333333333333,3,35.1388888888889,0.199825174825167,0.792,"fem",16,5,1,5
"2022-07-15","two","1899-12-31 12:20:00","July","fed",9,67,54,65.9,5,34.4618055555556,0.20332167832167,0.793,"fem",16,5,1,5
"2022-07-15","two","1899-12-31 12:20:00","July","fed",10,78,22,76.3666666666667,1,36.5208333333333,0.187237762237755,0.86,"fem",16,5,1,5
"2022-07-17","two","1899-12-31 13:30:00","July","fed",1,60,22,58.3666666666667,7,33.2916666666667,0.198251748251743,0.824,"fem",17,7,2,0
"2022-07-17","two","1899-12-31 13:30:00","July","fed",2,64,16,62.2666666666667,5,34.0659722222222,0.187412587412585,0.852,"fem",17,7,2,0
"2022-07-17","two","1899-12-31 13:30:00","July","fed",3,53,2,51.0333333333333,10,31.7708333333333,0.203321678321668,0.776,"fem",17,7,2,0
"2022-07-17","two","1899-12-31 13:30:00","July","fed",4,53,10,51.1666666666667,9,31.8041666666667,0.203321678321668,0.842,"fem",17,7,2,0
"2022-07-17","two","1899-12-31 13:30:00","July","fed",5,68,55,66.9166666666667,3,34.9722222222222,0.182517482517473,0.789,"fem",17,7,2,0
"2022-07-17","two","1899-12-31 13:30:00","July","fed",6,59,55,57.9166666666667,8,33.1828703703704,0.203671328671324,0.804,"fem",17,7,2,0
"2022-07-17","two","1899-12-31 13:30:00","July","fed",7,70,56,68.9333333333333,2,35.3541666666667,0.189860139860126,0.776,"fem",17,7,2,0
"2022-07-17","two","1899-12-31 13:30:00","July","fed",8,67,31,65.5166666666667,4,34.6875,0.183741258741253,0.786,"fem",17,7,2,0
"2022-07-17","two","1899-12-31 13:30:00","July","fed",9,62,50,60.8333333333333,6,33.75,0.19283216783216,0.794,"fem",17,7,2,0
"2022-07-17","two","1899-12-31 13:30:00","July","fed",10,79,53,77.8833333333333,1,36.9791666666667,0.17237762237761,0.851,"fem",17,7,2,0
"2022-07-18","two","1899-12-31 12:35:00","July","fed",1,81,22,79.3666666666667,3,35.828125,0.192132867132864,0.784,"fem",18,8,2,1
"2022-07-18","two","1899-12-31 12:35:00","July","starvation",2,78,47,76.7833333333333,6,35.3452380952381,0.204020979020971,0.844,"fem",18,8,2,1
"2022-07-18","two","1899-12-31 12:35:00","July","fed",3,76,34,74.5666666666667,8,34.9050925925926,0.190734265734262,0.828,"fem",18,8,2,1
"2022-07-18","two","1899-12-31 12:35:00","July","starvation",4,85,32,83.5333333333333,1,36.5833333333333,0.170454545454539,0.784,"fem",18,8,2,1
"2022-07-18","two","1899-12-31 12:35:00","July","starvation",5,79,51,77.85,5,35.5416666666667,0.201573426573421,0.844,"fem",18,8,2,1
"2022-07-18","two","1899-12-31 12:35:00","July","fed",6,77,19,75.3166666666667,7,35.0546875,0.198601398601393,0.778,"fem",18,8,2,1
"2022-07-18","two","1899-12-31 12:35:00","July","fed",7,73,8,71.1333333333333,10,34.2743055555556,0.183216783216779,0.812,"fem",18,8,2,1
"2022-07-18","two","1899-12-31 12:35:00","July","starvation",8,75,3,73.05,9,34.6231060606061,0.18968531468531,0.837,"fem",18,8,2,1
"2022-07-18","two","1899-12-31 12:35:00","July","starvation",9,84,24,82.4,2,36.375,0.168531468531465,0.802,"fem",18,8,2,1
"2022-07-18","two","1899-12-31 12:35:00","July","fed",10,80,26,78.4333333333333,4,35.6583333333333,0.195804195804192,0.839,"fem",18,8,2,1
"2022-07-19","two","1899-12-31 11:50:00","July","fed",1,68,41,66.6833333333333,1,34.7708333333333,0.189510489510481,0.854,"fem",19,9,2,2
"2022-07-19","two","1899-12-31 11:50:00","July","fed",2,63,17,61.2833333333333,4,33.6833333333333,0.183216783216777,0.782,"fem",19,9,2,2
"2022-07-19","two","1899-12-31 11:50:00","July","fed",3,59,13,57.2166666666667,6,32.8660714285714,0.195629370629363,0.785,"fem",19,9,2,2
"2022-07-19","two","1899-12-31 11:50:00","July","starvation",5,52,9,50.15,8,31.4212962962963,0.201923076923072,0.835,"fem",19,9,2,2
"2022-07-19","two","1899-12-31 11:50:00","July","starvation",6,65,32,63.5333333333333,3,34.140625,0.183041958041953,0.841,"fem",19,9,2,2
"2022-07-19","two","1899-12-31 11:50:00","July","starvation",7,61,21,59.35,5,33.3090277777778,0.194580419580413,0.832,"fem",19,9,2,2
"2022-07-19","two","1899-12-31 11:50:00","July","fed",8,57,41,55.6833333333333,7,32.5462962962963,0.200699300699292,0.834,"fem",19,9,2,2
"2022-07-19","two","1899-12-31 11:50:00","July","starvation",10,67,58,65.9666666666667,2,34.59375,0.187237762237756,0.848,"fem",19,9,2,2
"2022-07-20","two","1899-12-31 12:50:00","July","starvation",1,48,48,46.8,9,31.407196969697,0.200174825174816,0.857,"fem",20,10,2,3
"2022-07-20","two","1899-12-31 12:50:00","July","fed",2,71,23,69.3833333333333,1,35.7916666666667,0.196503496503491,0.853,"fem",20,10,2,3
"2022-07-20","two","1899-12-31 12:50:00","July","starvation",3,67,58,65.9666666666667,4,35.1375,0.194055944055935,0.876,"fem",20,10,2,3
"2022-07-20","two","1899-12-31 12:50:00","July","starvation",4,70,43,68.7166666666667,2,35.6770833333333,0.201748251748242,0.846,"fem",20,10,2,3
"2022-07-20","two","1899-12-31 12:50:00","July","fed",5,65,49,63.8166666666667,6,34.7202380952381,0.183916083916083,0.87,"fem",20,10,2,3
"2022-07-20","two","1899-12-31 12:50:00","July","fed",6,59,9,57.15,8,33.4560185185185,0.204195804195799,0.858,"fem",20,10,2,3
"2022-07-20","two","1899-12-31 12:50:00","July","fed",7,68,38,66.6333333333333,3,35.2708333333333,0.201573426573415,0.858,"fem",20,10,2,3
"2022-07-20","two","1899-12-31 12:50:00","July","starvation",8,63,17,61.2833333333333,7,34.2337962962963,0.187587412587412,0.838,"fem",20,10,2,3
"2022-07-20","two","1899-12-31 12:50:00","July","fed",10,66,54,64.9,5,34.9236111111111,0.188636363636357,0.858,"fem",20,10,2,3
"2022-07-30","two","1899-12-31 15:00:00","July","fed",1,66,28,64.4666666666667,2,35.6145833333333,0.190909090909084,0.772,"fem",21,20,3,0
"2022-07-30","two","1899-12-31 15:00:00","July","fed",2,61,3,59.05,7,34.5572916666667,0.180594405594404,0.818,"fem",21,20,3,0
"2022-07-30","two","1899-12-31 15:00:00","July","fed",3,72,17,70.2833333333333,1,36.6875,0.179195804195796,0.845,"fem",21,20,3,0
"2022-07-30","two","1899-12-31 15:00:00","July","fed",4,61,32,59.5333333333333,6,34.6517857142857,0.180594405594404,0.811,"fem",21,20,3,0
"2022-07-30","two","1899-12-31 15:00:00","July","fed",5,62,37,60.6166666666667,4,34.8625,0.177447552447549,0.84,"fem",21,20,3,0
"2022-07-30","two","1899-12-31 15:00:00","July","fed",6,63,10,61.1666666666667,3,34.9861111111111,0.181993006993003,0.813,"fem",21,20,3,0
"2022-07-30","two","1899-12-31 15:00:00","July","fed",7,59,19,57.3166666666667,9,34.21875,0.188461538461537,0.789,"fem",21,20,3,0
"2022-07-30","two","1899-12-31 15:00:00","July","fed",8,62,11,60.1833333333333,5,34.7986111111111,0.177447552447549,0.809,"fem",21,20,3,0
"2022-07-30","two","1899-12-31 15:00:00","July","fed",9,58,38,56.6333333333333,10,34.0868055555556,0.193706293706292,0.776,"fem",21,20,3,0
"2022-07-30","two","1899-12-31 15:00:00","July","fed",10,59,24,57.4,8,34.2430555555556,0.188461538461537,0.823,"fem",21,20,3,0
"2022-07-31","two","1899-12-31 17:00:00","July","fed",1,67,17,65.2833333333333,7,34.3463541666667,0.18041958041957,0.8,"fem",22,21,3,1
"2022-07-31","two","1899-12-31 17:00:00","July","starvation",2,72,31,70.5166666666667,1,35.375,0.183391608391597,0.835,"fem",22,21,3,1
"2022-07-31","two","1899-12-31 17:00:00","July","starvation",3,66,31,64.5166666666667,9,34.1837121212121,0.177447552447542,0.858,"fem",22,21,3,1
"2022-07-31","two","1899-12-31 17:00:00","July","fed",4,67,59,65.9833333333333,6,34.4851190476191,0.18041958041957,0.837,"fem",22,21,3,1
"2022-07-31","two","1899-12-31 17:00:00","July","fed",5,71,37,69.6166666666667,3,35.2083333333333,0.187062937062927,0.818,"fem",22,21,3,1
"2022-07-31","two","1899-12-31 17:00:00","July","starvation",6,66,26,64.4333333333333,10,34.1614583333333,0.177447552447542,0.807,"fem",22,21,3,1
"2022-07-31","two","1899-12-31 17:00:00","July","starvation",7,69,15,67.25,4,34.7239583333333,0.181468531468518,0.823,"fem",22,21,3,1
"2022-07-31","two","1899-12-31 17:00:00","July","fed",8,66,57,64.95,8,34.26875,0.177447552447542,0.835,"fem",22,21,3,1
"2022-07-31","two","1899-12-31 17:00:00","July","fed",9,68,18,66.3,5,34.5555555555556,0.176573426573414,0.853,"fem",22,21,3,1
"2022-07-31","two","1899-12-31 17:00:00","July","starvation",10,71,42,69.7,2,35.2291666666667,0.187062937062927,0.813,"fem",22,21,3,1
"2022-08-01","two","1899-12-31 13:35:00","July","fed",1,80,14,78.2333333333333,6,35.4702380952381,0.18374125874125,0.791,"fem",23,22,3,2
"2022-08-01","two","1899-12-31 13:35:00","July","starvation",2,86,13,84.2166666666667,3,36.5625,0.185664335664328,0.808,"fem",23,22,3,2
"2022-08-01","two","1899-12-31 13:35:00","July","fed",3,82,43,80.7166666666667,5,35.9375,0.183216783216777,0.789,"fem",23,22,3,2
"2022-08-01","two","1899-12-31 13:35:00","July","starvation",4,87,33,85.55,2,36.7916666666667,0.177972027972019,0.8,"fem",23,22,3,2
"2022-08-01","two","1899-12-31 13:35:00","July","starvation",5,88,24,86.4,1,36.9583333333333,0.169230769230757,0.819,"fem",23,22,3,2
"2022-08-01","two","1899-12-31 13:35:00","July","fed",6,59,41,57.6833333333333,10,31.5173611111111,0.204370629370626,0.782,"fem",23,22,3,2
"2022-08-01","two","1899-12-31 13:35:00","July","fed",7,83,51,81.85,4,36.1708333333333,0.190909090909086,0.844,"fem",23,22,3,2
"2022-08-01","two","1899-12-31 13:35:00","July","fed",8,72,56,70.9333333333333,8,34.1145833333333,0.1847902097902,0.772,"fem",23,22,3,2
"2022-08-01","two","1899-12-31 13:35:00","July","starvation",9,77,42,75.7,7,35.0104166666667,0.191958041958035,0.81,"fem",23,22,3,2
"2022-08-01","two","1899-12-31 13:35:00","July","starvation",10,68,42,66.7,9,33.2973484848485,0.191083916083905,0.797,"fem",23,22,3,2
"2022-08-02","two","1899-12-31 13:15:00","July","starvation",1,78,38,76.6333333333333,5,36.2604166666667,0.177797202797197,0.788,"fem",24,23,3,3
"2022-08-02","two","1899-12-31 13:15:00","July","fed",2,77,42,75.7,6,36.0863095238095,0.19265734265734,0.788,"fem",24,23,3,3
"2022-08-02","two","1899-12-31 13:15:00","July","starvation",3,76,31,74.5166666666667,7,35.8611111111111,0.195804195804193,0.814,"fem",24,23,3,3
"2022-08-02","two","1899-12-31 13:15:00","July","fed",4,75,36,73.6,8,35.6854166666667,0.194055944055941,0.822,"fem",24,23,3,3
"2022-08-02","two","1899-12-31 13:15:00","July","fed",5,70,37,68.6166666666667,10,34.7204861111111,0.186188811188804,0.869,"fem",24,23,3,3
"2022-08-02","two","1899-12-31 13:15:00","July","fed",6,74,59,72.9833333333333,9,35.5625,0.195104895104894,0.807,"fem",24,23,3,3
"2022-08-02","two","1899-12-31 13:15:00","July","starvation",7,82,22,80.3666666666667,2,36.9375,0.169405594405585,0.801,"fem",24,23,3,3
"2022-08-02","two","1899-12-31 13:15:00","July","starvation",8,81,36,79.6,3,36.8020833333333,0.169580419580412,0.795,"fem",24,23,3,3
"2022-08-02","two","1899-12-31 13:15:00","July","starvation",9,80,30,78.5,4,36.5989583333333,0.17395104895104,0.817,"fem",24,23,3,3
"2022-08-02","two","1899-12-31 13:15:00","July","fed",10,83,0,81,1,37.0416666666667,0.175043706293698,0.827,"fem",24,23,3,3
"2022-08-03","two","1899-12-31 12:50:00","July","starvation",1,82,20,80.3333333333333,1,36.5,0.170804195804186,0.798,"fem",25,24,3,4
"2022-08-03","two","1899-12-31 12:50:00","July","starvation",2,25,1,23.0166666666667,8,24.7083333333333,0.246153846153836,0.805,"fem",25,24,3,4
"2022-08-03","two","1899-12-31 12:50:00","July","fed",3,72,39,70.65,6,34.7113095238095,0.183041958041949,0.804,"fem",25,24,3,4
"2022-08-03","two","1899-12-31 12:50:00","July","fed",4,50,30,48.5,7,30.3411458333333,0.20402097902097,0.805,"fem",25,24,3,4
"2022-08-03","two","1899-12-31 12:50:00","July","starvation",5,22,26,20.4333333333333,9,24.0984848484848,0.247027972027963,0.834,"fem",25,24,3,4
"2022-08-03","two","1899-12-31 12:50:00","July","starvation",6,78,10,76.1666666666667,4,35.7604166666667,0.173076923076916,0.818,"fem",25,24,3,4
"2022-08-03","two","1899-12-31 12:50:00","July","fed",7,80,28,78.4666666666667,2,36.1979166666667,0.172552447552438,0.791,"fem",25,24,3,4
"2022-08-03","two","1899-12-31 12:50:00","July","fed",8,77,11,75.1833333333333,5,35.5659722222222,0.178846153846146,0.836,"fem",25,24,3,4
"2022-08-03","two","1899-12-31 12:50:00","July","starvation",9,79,8,77.1333333333333,3,35.9375,0.171503496503488,0.785,"fem",25,24,3,4
"2022-08-04","two","1899-12-31 14:00:00","July","fed",1,74,33,72.55,1,35.5625,0.185489510489505,NA,NA,26,25,3,5
"2022-08-04","two","1899-12-31 14:00:00","July","starvation",3,46,32,44.5333333333333,6,29.9672619047619,0.21590909090908,NA,NA,26,25,3,5
"2022-08-04","two","1899-12-31 14:00:00","July","starvation",4,40,49,38.8166666666667,7,28.703125,0.233041958041949,NA,NA,26,25,3,5
"2022-08-04","two","1899-12-31 14:00:00","July","fed",5,72,7,70.1166666666667,4,35.0875,0.189335664335655,NA,NA,26,25,3,5
"2022-08-04","two","1899-12-31 14:00:00","July","starvation",7,59,11,57.1833333333333,5,32.6180555555556,0.204720279720273,NA,NA,26,25,3,5
"2022-08-04","two","1899-12-31 14:00:00","July","fed",8,73,50,71.8333333333333,2,35.4375,0.187062937062929,NA,NA,26,25,3,5
"2022-08-04","two","1899-12-31 14:00:00","July","fed",9,73,6,71.1,3,35.28125,0.187062937062929,NA,NA,26,25,3,5
"2022-08-04","two","1899-12-31 14:00:00","July","starvation",10,34,45,32.75,8,27.3356481481481,0.219405594405593,NA,NA,26,25,3,5
"2022-09-11","two","1899-12-31 17:00:00","July","fed",1,67,30,65.5,9,35.2270833333333,0.185489510489501,0.83,"fem",27,63,4,0
"2022-09-11","two","1899-12-31 17:00:00","July","fed",2,74,4,72.0666666666667,1,36.5,0.167561605061601,0.834,"fem",27,63,4,0
"2022-09-11","two","1899-12-31 17:00:00","July","fed",3,69,20,67.3333333333333,4,35.6354166666667,0.184615384615372,0.792,"fem",27,63,4,0
"2022-09-11","two","1899-12-31 17:00:00","July","fed",4,68,0,66,8,35.3240740740741,0.187062937062925,0.836,"fem",27,63,4,0
"2022-09-11","two","1899-12-31 17:00:00","July","fed",5,68,20,66.3333333333333,7,35.4010416666667,0.185839160839151,0.815,"fem",27,63,4,0
"2022-09-11","two","1899-12-31 17:00:00","July","fed",6,69,47,67.7833333333333,3,35.7135416666667,0.184615384615372,0.822,"fem",27,63,4,0
"2022-09-11","two","1899-12-31 17:00:00","July","fed",7,68,36,66.6,6,35.4642857142857,0.185839160839151,0.852,"fem",27,63,4,0
"2022-09-11","two","1899-12-31 17:00:00","July","fed",8,68,50,66.8333333333333,5,35.5083333333333,0.185839160839151,0.845,"fem",27,63,4,0
"2022-09-11","two","1899-12-31 17:00:00","July","fed",9,70,18,68.3,2,35.8020833333333,0.186713286713276,0.831,"fem",27,63,4,0
"2022-09-11","two","1899-12-31 17:00:00","July","fed",10,66,36,64.6,10,35.0572916666667,0.185139860139854,0.898,"fem",27,63,4,0
"2022-09-12","two","1899-12-31 22:00:00","July","starvation",1,73,10,71.1666666666667,1,35.5416666666667,0.186707459207455,0.871,"fem",28,64,4,1
"2022-09-12","two","1899-12-31 22:00:00","July","starvation",2,72,12,70.2,4,35.3625,0.186538461538456,0.876,"fem",28,64,4,1
"2022-09-12","two","1899-12-31 22:00:00","July","fed",3,69,12,67.2,8,34.8104166666667,0.181293706293697,0.868,"fem",28,64,4,1
"2022-09-12","two","1899-12-31 22:00:00","July","fed",4,71,37,69.6166666666667,5,35.2569444444444,0.178671328671322,0.864,"fem",28,64,4,1
"2022-09-12","two","1899-12-31 22:00:00","July","fed",5,68,23,66.3833333333333,9,34.6590909090909,0.185664335664329,0.876,"fem",28,64,4,1
"2022-09-12","two","1899-12-31 22:00:00","July","fed",6,71,22,69.3666666666667,6,35.2053571428571,0.178671328671322,0.822,"fem",28,64,4,1
"2022-09-12","two","1899-12-31 22:00:00","July","fed",7,72,34,70.5666666666667,3,35.4513888888889,0.186538461538456,0.906,"fem",28,64,4,1
"2022-09-12","two","1899-12-31 22:00:00","July","starvation",8,70,49,68.8166666666667,7,35.0989583333333,0.179895104895098,0.908,"fem",28,64,4,1
"2022-09-12","two","1899-12-31 22:00:00","July","starvation",9,72,53,70.8833333333333,2,35.53125,0.186538461538456,0.808,"fem",28,64,4,1
"2022-09-12","two","1899-12-31 22:00:00","July","starvation",10,67,39,65.65,10,34.5295138888889,0.192132867132861,0.893,"fem",28,64,4,1
"2022-09-13","two","1899-12-31 22:00:00","July","starvation",1,78,55,76.9166666666667,1,36.8125,0.166083916083908,0.834,"fem",29,65,4,2
"2022-09-13","two","1899-12-31 22:00:00","July","starvation",2,67,57,65.95,6,34.9285714285714,0.172202797202793,0.829,"fem",29,65,4,2
"2022-09-13","two","1899-12-31 22:00:00","July","starvation",3,65,57,63.95,10,34.5486111111111,0.176923076923078,0.856,"fem",29,65,4,2
"2022-09-13","two","1899-12-31 22:00:00","July","fed",4,70,3,68.05,4,35.2875,0.182517482517472,0.857,"fem",29,65,4,2
"2022-09-13","two","1899-12-31 22:00:00","July","fed",5,70,22,68.3666666666667,3,35.3489583333333,0.182517482517472,0.886,"fem",29,65,4,2
"2022-09-13","two","1899-12-31 22:00:00","July","fed",6,68,27,66.45,5,34.9930555555556,0.180419580419574,0.898,"fem",29,65,4,2
"2022-09-13","two","1899-12-31 22:00:00","July","fed",7,67,17,65.2833333333333,7,34.7916666666667,0.172202797202793,0.868,"fem",29,65,4,2
"2022-09-13","two","1899-12-31 22:00:00","July","fed",8,66,28,64.4666666666667,9,34.6401515151515,0.171853146853145,0.897,"fem",29,65,4,2
"2022-09-13","two","1899-12-31 22:00:00","July","starvation",9,66,55,64.9166666666667,8,34.7175925925926,0.171853146853145,0.888,"fem",29,65,4,2
"2022-09-13","two","1899-12-31 22:00:00","July","starvation",10,70,38,68.6333333333333,2,35.4166666666667,0.182517482517472,0.877,"fem",29,65,4,2
"2022-09-14","two","1899-12-31 15:00:00","July","starvation",2,54,43,52.7166666666667,9,34.2064393939394,0.20786713286712,0.896,"fem",30,66,4,3
"2022-09-14","two","1899-12-31 15:00:00","July","starvation",3,61,44,59.7333333333333,1,35.5833333333333,0.193181818181815,0.894,"fem",30,66,4,3
"2022-09-14","two","1899-12-31 15:00:00","July","fed",4,59,51,57.85,4,35.2291666666667,0.186538461538456,0.899,"fem",30,66,4,3
"2022-09-14","two","1899-12-31 15:00:00","July","fed",5,60,34,58.5666666666667,2,35.375,0.193706293706289,0.875,"fem",30,66,4,3
"2022-09-14","two","1899-12-31 15:00:00","July","fed",6,58,39,56.65,8,34.9699074074074,0.193356643356637,0.866,"fem",30,66,4,3
"2022-09-14","two","1899-12-31 15:00:00","July","fed",7,60,14,58.2333333333333,3,35.2986111111111,0.193706293706289,0.866,"fem",30,66,4,3
"2022-09-14","two","1899-12-31 15:00:00","July","fed",8,59,2,57.0333333333333,7,35.0393518518519,0.186538461538456,0.855,"fem",30,66,4,3
"2022-09-14","two","1899-12-31 15:00:00","July","starvation",9,59,15,57.25,6,35.0922619047619,0.186538461538456,0.861,"fem",30,66,4,3
"2022-09-14","two","1899-12-31 15:00:00","July","starvation",10,59,30,57.5,5,35.1708333333333,0.186538461538456,0.841,"fem",30,66,4,3
"2022-09-15","two","1899-12-31 17:00:00","July","starvation",1,56,34,54.5666666666667,9,33.4479166666667,0.196503496503489,0.759,"fem",31,67,4,4
"2022-09-15","two","1899-12-31 17:00:00","July","starvation",2,36,46,34.7666666666667,10,29.2951388888889,0.22604895104894,0.893,"fem",31,67,4,4
"2022-09-15","two","1899-12-31 17:00:00","July","starvation",3,66,22,64.3666666666667,3,35.265625,0.177097902097895,0.89,"fem",31,67,4,4
"2022-09-15","two","1899-12-31 17:00:00","July","fed",4,62,13,60.2166666666667,8,34.4837962962963,0.192307692307685,0.91,"fem",31,67,4,4
"2022-09-15","two","1899-12-31 17:00:00","July","fed",5,68,40,66.6666666666667,1,35.7083333333333,0.175699300699291,0.879,"fem",31,67,4,4
"2022-09-15","two","1899-12-31 17:00:00","July","fed",6,65,9,63.15,4,35.046875,0.177972027972025,0.861,"fem",31,67,4,4
"2022-09-15","two","1899-12-31 17:00:00","July","fed",7,66,27,64.45,2,35.3020833333333,0.177097902097895,0.867,"fem",31,67,4,4
"2022-09-15","two","1899-12-31 17:00:00","July","fed",8,62,41,60.6833333333333,7,34.5694444444444,0.192307692307685,0.868,"fem",31,67,4,4
"2022-09-15","two","1899-12-31 17:00:00","July","starvation",9,64,9,62.15,6,34.8541666666667,0.183041958041955,0.897,"fem",31,67,4,4
"2022-09-15","two","1899-12-31 17:00:00","July","starvation",10,64,20,62.3333333333333,5,34.8958333333333,0.183041958041955,0.845,"fem",31,67,4,4
"2022-09-16","two","1899-12-31 19:00:00","July","starvation",1,60,43,58.7166666666667,6,34.9851190476191,0.197727272727268,0.862,"fem",32,68,4,5
"2022-09-16","two","1899-12-31 19:00:00","July","fed",2,61,15,59.25,4,35.09375,0.193356643356641,0.826,"fem",32,68,4,5
"2022-09-16","two","1899-12-31 19:00:00","July","fed",3,63,3,61.05,1,35.4583333333333,0.179650349650339,0.811,"fem",32,68,4,5
"2022-09-16","two","1899-12-31 19:00:00","July","starvation",4,53,36,51.6,7,33.6365740740741,0.179195804195788,0.87,"fem",32,68,4,5
"2022-09-16","two","1899-12-31 19:00:00","July","starvation",5,19,35,17.5833333333333,10,26.3011363636364,0.227797202797196,0.862,"fem",32,68,4,5
"2022-09-16","two","1899-12-31 19:00:00","July","fed",6,62,41,60.6833333333333,2,35.3888888888889,0.190559440559439,0.874,"fem",32,68,4,5
"2022-09-16","two","1899-12-31 19:00:00","July","fed",7,62,13,60.2166666666667,3,35.2916666666667,0.190559440559439,0.895,"fem",32,68,4,5
"2022-09-16","two","1899-12-31 19:00:00","July","starvation",8,21,53,19.8833333333333,9,26.8522727272727,0.227097902097893,0.84,"fem",32,68,4,5
"2022-09-16","two","1899-12-31 19:00:00","July","starvation",9,24,45,22.75,8,27.5092592592593,0.216608391608383,0.865,"fem",32,68,4,5
"2022-09-16","two","1899-12-31 19:00:00","July","fed",10,61,0,59,5,35.0458333333333,0.192744755244752,0.847,"fem",32,68,4,5
"2022-10-23","two","1899-12-31 19:30:00","July","fed",1,68,36,66.6,7,35.3263888888889,0.20576923076922,NA,NA,33,105,5,0
"2022-10-23","two","1899-12-31 19:30:00","July","fed",2,66,56,64.9333333333333,9,34.9753787878788,0.201223776223773,NA,NA,33,105,5,0
"2022-10-23","two","1899-12-31 19:30:00","July","fed",3,76,39,74.65,2,36.9479166666667,0.191258741258737,NA,NA,33,105,5,0
"2022-10-23","two","1899-12-31 19:30:00","July","fed",4,71,59,69.9833333333333,4,36.0625,0.208391608391597,NA,NA,33,105,5,0
"2022-10-23","two","1899-12-31 19:30:00","July","fed",5,69,45,67.75,5,35.5833333333333,0.206818181818169,NA,NA,33,105,5,0
"2022-10-23","two","1899-12-31 19:30:00","July","fed",6,78,18,76.3,1,37.2708333333333,0.188671328671328,NA,NA,33,105,5,0
"2022-10-23","two","1899-12-31 19:30:00","July","fed",7,74,28,72.4666666666667,3,36.5277777777778,0.208041958041951,NA,NA,33,105,5,0
"2022-10-23","two","1899-12-31 19:30:00","July","fed",8,69,9,67.15,6,35.4434523809524,0.206818181818169,NA,NA,33,105,5,0
"2022-10-23","two","1899-12-31 19:30:00","July","fed",9,68,22,66.3666666666667,8,35.2666666666667,0.20576923076922,NA,NA,33,105,5,0
"2022-10-25","two","1899-12-31 21:00:00","July","fed",1,80,46,78.7666666666667,7,35.4560185185185,0.177797202797195,NA,NA,34,107,5,2
"2022-10-25","two","1899-12-31 21:00:00","July","fed",2,86,11,84.1833333333333,1,36.4583333333333,0.158570596070591,NA,NA,34,107,5,2
"2022-10-25","two","1899-12-31 21:00:00","July","starvation",3,70,6,68.1,10,33.515625,0.205594405594392,NA,NA,34,107,5,2
"2022-10-25","two","1899-12-31 21:00:00","July","starvation",4,82,22,80.3666666666667,3,35.7864583333333,0.167482517482508,NA,NA,34,107,5,2
"2022-10-25","two","1899-12-31 21:00:00","July","fed",5,81,18,79.3,6,35.5744047619048,0.170279720279709,NA,NA,34,107,5,2
"2022-10-25","two","1899-12-31 21:00:00","July","fed",6,81,26,79.4333333333333,5,35.6111111111111,0.170279720279709,NA,NA,34,107,5,2
"2022-10-25","two","1899-12-31 21:00:00","July","starvation",7,81,52,79.8666666666667,4,35.675,0.170279720279709,NA,NA,34,107,5,2
"2022-10-25","two","1899-12-31 21:00:00","July","starvation",8,72,18,70.3,9,33.9337121212121,0.202972027972017,NA,NA,34,107,5,2
"2022-10-25","two","1899-12-31 21:00:00","July","fed",9,83,36,81.6,2,35.9861111111111,0.162937062937054,NA,NA,34,107,5,2
"2022-10-25","two","1899-12-31 21:00:00","July","starvation",10,74,59,72.9833333333333,8,34.462962962963,0.200524475524468,NA,NA,34,107,5,2
"2022-10-26","two","1899-12-31 16:30:00","July","starvation",1,44,0,42,9,31.5229166666667,0.218968531468527,NA,NA,35,108,5,3
"2022-10-26","two","1899-12-31 16:30:00","July","starvation",2,61,54,59.9,4,35.0989583333333,0.177447552447547,NA,NA,35,108,5,3
"2022-10-26","two","1899-12-31 16:30:00","July","fed",3,66,35,64.5833333333333,2,35.9583333333333,0.182692307692306,NA,NA,35,108,5,3
"2022-10-26","two","1899-12-31 16:30:00","July","fed",4,68,4,66.0666666666667,1,36.2083333333333,0.172727272727262,NA,NA,35,108,5,3
"2022-10-26","two","1899-12-31 16:30:00","July","starvation",5,50,24,48.4,8,32.900462962963,0.211363636363624,NA,NA,35,108,5,3
"2022-10-26","two","1899-12-31 16:30:00","July","starvation",6,53,21,51.35,7,33.4884259259259,0.198076923076913,NA,NA,35,108,5,3
"2022-10-26","two","1899-12-31 16:30:00","July","fed",7,63,16,61.2666666666667,3,35.34375,0.17972027972028,NA,NA,35,108,5,3
"2022-10-26","two","1899-12-31 16:30:00","July","fed",8,59,57,57.95,6,34.7232142857143,0.175349650349645,NA,NA,35,108,5,3
"2022-10-26","two","1899-12-31 16:30:00","July","starvation",9,38,55,36.9166666666667,10,30.4128787878788,0.202622377622367,NA,NA,35,108,5,3
"2022-10-26","two","1899-12-31 16:30:00","July","fed",10,60,48,58.8,5,34.8819444444444,0.176573426573422,NA,NA,35,108,5,3
"2022-10-27","two","1899-12-31 18:30:00","July","fed",1,73,5,71.0833333333333,2,36.03125,0.15751748251748,NA,NA,36,109,5,4
"2022-10-27","two","1899-12-31 18:30:00","July","fed",2,69,55,67.9166666666667,5,35.4541666666667,0.170454545454532,NA,NA,36,109,5,4
"2022-10-27","two","1899-12-31 18:30:00","July","starvation",3,26,39,24.65,10,26.5399305555556,0.229195804195797,NA,NA,36,109,5,4
"2022-10-27","two","1899-12-31 18:30:00","July","starvation",4,65,45,63.75,7,34.7083333333333,0.175524475524472,NA,NA,36,109,5,4
"2022-10-27","two","1899-12-31 18:30:00","July","fed",5,72,30,70.5,4,35.9322916666667,0.159265734265728,NA,NA,36,109,5,4
"2022-10-27","two","1899-12-31 18:30:00","July","fed",6,65,14,63.2333333333333,8,34.6157407407407,0.175524475524472,NA,NA,36,109,5,4
"2022-10-27","two","1899-12-31 18:30:00","July","starvation",7,30,37,28.6166666666667,9,27.4659090909091,0.248251748251742,NA,NA,36,109,5,4
"2022-10-27","two","1899-12-31 18:30:00","July","starvation",8,72,41,70.6833333333333,3,35.9583333333333,0.159265734265728,NA,NA,36,109,5,4
"2022-10-27","two","1899-12-31 18:30:00","July","fed",9,67,2,65.0333333333333,6,34.9523809523809,0.176748251748243,NA,NA,36,109,5,4
"2022-10-27","two","1899-12-31 18:30:00","July","fed",10,73,29,71.4833333333333,1,36.125,0.15751748251748,NA,NA,36,109,5,4
"2022-10-28","two","1899-12-31 22:30:00","July","starvation",1,43,50,41.8333333333333,9,31.7854166666667,0.192482517482508,NA,NA,37,110,5,5
"2022-10-28","two","1899-12-31 22:30:00","July","starvation",2,57,56,55.9333333333333,5,34.6493055555556,0.166433566433559,NA,NA,37,110,5,5
"2022-10-28","two","1899-12-31 22:30:00","July","fed",3,61,13,59.2166666666667,2,35.28125,0.166958041958037,NA,NA,37,110,5,5
"2022-10-28","two","1899-12-31 22:30:00","July","fed",4,60,27,58.45,4,35.0833333333333,0.166783216783214,NA,NA,37,110,5,5
"2022-10-28","two","1899-12-31 22:30:00","July","starvation",5,55,59,53.9833333333333,6,34.2767857142857,0.180944055944045,NA,NA,37,110,5,5
"2022-10-28","two","1899-12-31 22:30:00","July","starvation",6,47,3,45.05,8,32.462962962963,0.192657342657334,NA,NA,37,110,5,5
"2022-10-28","two","1899-12-31 22:30:00","July","fed",7,60,55,58.9166666666667,3,35.2013888888889,0.166783216783214,NA,NA,37,110,5,5
"2022-10-28","two","1899-12-31 22:30:00","July","fed",8,62,1,60.0166666666667,1,35.375,0.177097902097902,NA,NA,37,110,5,5
"2022-10-28","two","1899-12-31 22:30:00","July","starvation",9,52,23,50.3833333333333,7,33.5598958333333,0.191608391608377,NA,NA,37,110,5,5
"2022-10-28","two","1899-12-31 22:30:00","July","starvation",10,36,30,34.5,10,30.2784090909091,0.199125874125865,NA,NA,37,110,5,5
