Date,Time,Temp1,Temp2,Temp3
2022/6/24, 13:42:25, 20.4375, 20.5000, 20.3750
2022/6/24, 13:42:30, 20.3750, 20.5000, 20.4375
2022/6/24, 13:42:35, 20.4375, 20.5000, 20.4375
2022/6/24, 13:42:40, 20.4375, 20.5000, 20.4375
2022/6/24, 13:42:45, 20.5000, 20.5000, 20.4375
2022/6/24, 13:42:50, 20.4375, 20.5000, 20.4375
2022/6/24, 13:42:55, 20.5000, 20.5625, 20.4375
2022/6/24, 13:43:0, 20.4375, 20.5625, 20.5000
2022/6/24, 13:43:5, 20.5000, 20.5625, 20.5000
2022/6/24, 13:43:10, 20.5000, 20.5625, 20.5000
2022/6/24, 13:43:15, 20.5000, 20.5625, 20.5000
2022/6/24, 13:43:20, 20.5000, 20.5625, 20.5000
2022/6/24, 13:43:25, 20.5625, 20.5625, 20.5625
2022/6/24, 13:43:30, 20.5625, 20.6250, 20.5625
2022/6/24, 13:43:35, 20.5625, 20.6250, 20.5625
2022/6/24, 13:43:40, 20.5625, 20.6250, 20.6250
2022/6/24, 13:43:45, 20.5625, 20.6250, 20.6250
2022/6/24, 13:43:50, 20.6250, 20.6250, 20.6250
2022/6/24, 13:43:55, 20.6250, 20.6875, 20.6250
2022/6/24, 13:44:0, 20.6250, 20.6875, 20.6250
2022/6/24, 13:44:5, 20.6250, 20.6875, 20.6250
2022/6/24, 13:44:10, 20.6875, 20.7500, 20.6875
2022/6/24, 13:44:15, 20.6875, 20.6875, 20.6875
2022/6/24, 13:44:20, 20.6875, 20.7500, 20.6875
2022/6/24, 13:44:25, 20.6875, 20.7500, 20.7500
2022/6/24, 13:44:30, 20.7500, 20.8125, 20.7500
2022/6/24, 13:44:35, 20.6875, 20.8125, 20.7500
2022/6/24, 13:44:40, 20.7500, 20.8125, 20.7500
2022/6/24, 13:44:45, 20.7500, 20.8125, 20.7500
2022/6/24, 13:44:50, 20.7500, 20.8125, 20.7500
2022/6/24, 13:44:55, 20.8125, 20.8125, 20.8125
2022/6/24, 13:45:0, 20.7500, 20.8750, 20.8125
2022/6/24, 13:45:5, 20.8125, 20.8750, 20.8125
2022/6/24, 13:45:10, 20.8125, 20.8750, 20.8125
2022/6/24, 13:45:15, 20.8125, 20.8750, 20.8750
2022/6/24, 13:45:20, 20.8125, 20.8750, 20.8750
2022/6/24, 13:45:25, 20.8125, 20.9375, 20.9375
2022/6/24, 13:45:30, 20.8750, 20.9375, 20.8750
2022/6/24, 13:45:35, 20.8750, 20.9375, 20.9375
2022/6/24, 13:45:40, 20.8750, 20.9375, 20.9375
2022/6/24, 13:45:45, 20.9375, 21.0000, 21.0000
2022/6/24, 13:45:50, 20.9375, 21.0000, 20.9375
2022/6/24, 13:45:55, 20.9375, 21.0625, 21.0000
2022/6/24, 13:46:0, 20.9375, 21.0625, 21.0625
2022/6/24, 13:46:5, 21.0000, 21.0625, 21.0000
2022/6/24, 13:46:10, 21.0000, 21.0625, 21.0625
2022/6/24, 13:46:15, 21.0000, 21.1250, 21.0625
2022/6/24, 13:46:20, 21.0000, 21.1250, 21.1250
2022/6/24, 13:46:25, 21.0000, 21.1250, 21.0625
2022/6/24, 13:46:30, 21.0625, 21.1250, 21.1250
2022/6/24, 13:46:35, 21.0625, 21.1250, 21.1250
2022/6/24, 13:46:40, 21.1250, 21.1875, 21.1875
2022/6/24, 13:46:45, 21.1250, 21.1875, 21.1875
2022/6/24, 13:46:50, 21.1250, 21.2500, 21.1875
2022/6/24, 13:46:55, 21.1250, 21.2500, 21.1875
2022/6/24, 13:47:0, 21.1250, 21.2500, 21.2500
2022/6/24, 13:47:5, 21.1875, 21.2500, 21.2500
2022/6/24, 13:47:10, 21.1875, 21.2500, 21.2500
2022/6/24, 13:47:15, 21.2500, 21.2500, 21.2500
2022/6/24, 13:47:20, 21.2500, 21.3125, 21.2500
2022/6/24, 13:47:25, 21.2500, 21.3750, 21.3750
2022/6/24, 13:47:30, 21.3125, 21.3750, 21.3125
2022/6/24, 13:47:35, 21.2500, 21.3750, 21.3125
2022/6/24, 13:47:40, 21.3125, 21.3750, 21.3750
2022/6/24, 13:47:45, 21.3750, 21.3750, 21.3750
2022/6/24, 13:47:50, 21.3125, 21.4375, 21.3750
2022/6/24, 13:47:55, 21.3750, 21.4375, 21.3750
2022/6/24, 13:48:0, 21.3750, 21.5000, 21.4375
2022/6/24, 13:48:5, 21.3750, 21.5000, 21.4375
2022/6/24, 13:48:10, 21.3750, 21.5000, 21.4375
2022/6/24, 13:48:15, 21.4375, 21.5000, 21.5000
2022/6/24, 13:48:20, 21.4375, 21.5625, 21.5000
2022/6/24, 13:48:25, 21.5000, 21.5625, 21.5000
2022/6/24, 13:48:30, 21.5000, 21.5625, 21.5000
2022/6/24, 13:48:35, 21.5000, 21.6250, 21.5625
2022/6/24, 13:48:40, 21.5000, 21.6250, 21.5625
2022/6/24, 13:48:45, 21.5625, 21.6250, 21.5625
2022/6/24, 13:48:50, 21.5000, 21.6250, 21.6250
2022/6/24, 13:48:55, 21.5625, 21.6875, 21.6875
2022/6/24, 13:49:0, 21.5625, 21.6250, 21.6250
2022/6/24, 13:49:5, 21.6250, 21.6875, 21.6250
2022/6/24, 13:49:10, 21.6250, 21.6875, 21.6875
2022/6/24, 13:49:15, 21.6250, 21.7500, 21.6875
2022/6/24, 13:49:20, 21.6250, 21.7500, 21.7500
2022/6/24, 13:49:25, 21.6250, 21.7500, 21.7500
2022/6/24, 13:49:30, 21.6875, 21.7500, 21.7500
2022/6/24, 13:49:35, 21.6875, 21.8125, 21.8125
2022/6/24, 13:49:40, 21.6875, 21.8125, 21.8125
2022/6/24, 13:49:45, 21.7500, 21.8125, 21.8125
2022/6/24, 13:49:50, 21.7500, 21.8750, 21.8750
2022/6/24, 13:49:55, 21.8125, 21.8750, 21.8125
2022/6/24, 13:50:0, 21.8125, 21.9375, 21.8750
2022/6/24, 13:50:5, 21.8125, 21.8750, 21.8750
2022/6/24, 13:50:10, 21.8125, 21.9375, 21.8750
2022/6/24, 13:50:15, 21.8750, 21.9375, 21.9375
2022/6/24, 13:50:20, 21.8750, 22.0000, 21.8750
2022/6/24, 13:50:25, 21.8750, 22.0000, 21.8750
2022/6/24, 13:50:30, 21.8750, 22.0000, 21.9375
2022/6/24, 13:50:35, 21.9375, 22.0000, 21.9375
2022/6/24, 13:50:40, 21.9375, 22.0000, 22.0000
2022/6/24, 13:50:45, 21.9375, 22.0625, 22.0000
2022/6/24, 13:50:50, 21.9375, 22.0625, 22.0625
2022/6/24, 13:50:55, 22.0000, 22.0625, 22.0000
2022/6/24, 13:51:0, 22.0000, 22.0625, 22.0625
2022/6/24, 13:51:5, 22.0000, 22.1250, 22.0625
2022/6/24, 13:51:10, 22.0000, 22.1250, 22.0625
2022/6/24, 13:51:15, 22.0625, 22.1250, 22.1250
2022/6/24, 13:51:20, 22.0625, 22.1875, 22.1250
2022/6/24, 13:51:25, 22.1250, 22.1875, 22.1250
2022/6/24, 13:51:30, 22.1250, 22.2500, 22.1250
2022/6/24, 13:51:35, 22.1250, 22.1875, 22.1875
2022/6/24, 13:51:40, 22.1875, 22.2500, 22.1875
2022/6/24, 13:51:45, 22.1250, 22.2500, 22.2500
2022/6/24, 13:51:50, 22.1250, 22.2500, 22.2500
2022/6/24, 13:51:55, 22.1875, 22.3125, 22.2500
2022/6/24, 13:52:0, 22.1875, 22.3125, 22.3125
2022/6/24, 13:52:5, 22.2500, 22.3125, 22.3125
2022/6/24, 13:52:10, 22.2500, 22.3750, 22.2500
2022/6/24, 13:52:15, 22.2500, 22.3750, 22.3125
2022/6/24, 13:52:20, 22.3125, 22.3750, 22.3750
2022/6/24, 13:52:25, 22.2500, 22.4375, 22.3750
2022/6/24, 13:52:30, 22.3125, 22.3750, 22.3750
2022/6/24, 13:52:35, 22.3125, 22.4375, 22.3750
2022/6/24, 13:52:40, 22.3125, 22.4375, 22.4375
2022/6/24, 13:52:45, 22.3750, 22.5000, 22.4375
2022/6/24, 13:52:50, 22.3750, 22.5000, 22.4375
2022/6/24, 13:52:55, 22.3750, 22.5000, 22.5000
2022/6/24, 13:53:0, 22.4375, 22.5000, 22.5000
2022/6/24, 13:53:5, 22.4375, 22.5625, 22.5000
2022/6/24, 13:53:10, 22.4375, 22.5625, 22.5000
2022/6/24, 13:53:15, 22.5000, 22.6250, 22.5000
2022/6/24, 13:53:20, 22.5000, 22.5625, 22.5625
2022/6/24, 13:53:25, 22.5625, 22.6250, 22.5625
2022/6/24, 13:53:30, 22.5000, 22.6250, 22.5625
2022/6/24, 13:53:35, 22.5625, 22.6250, 22.6250
2022/6/24, 13:53:40, 22.5625, 22.6250, 22.6250
2022/6/24, 13:53:45, 22.5625, 22.6875, 22.6250
2022/6/24, 13:53:50, 22.6250, 22.6875, 22.6875
2022/6/24, 13:53:55, 22.6250, 22.7500, 22.6875
2022/6/24, 13:54:0, 22.6875, 22.7500, 22.6875
2022/6/24, 13:54:5, 22.6250, 22.8125, 22.6875
2022/6/24, 13:54:10, 22.6250, 22.7500, 22.6875
2022/6/24, 13:54:15, 22.6250, 22.7500, 22.7500
2022/6/24, 13:54:20, 22.6875, 22.8125, 22.7500
2022/6/24, 13:54:25, 22.6875, 22.8125, 22.7500
2022/6/24, 13:54:30, 22.8125, 22.8125, 22.8125
2022/6/24, 13:54:35, 22.8125, 22.8750, 22.8125
2022/6/24, 13:54:40, 22.8125, 22.8750, 22.8125
2022/6/24, 13:54:45, 22.7500, 22.8750, 22.8125
2022/6/24, 13:54:50, 22.8125, 22.9375, 22.8750
2022/6/24, 13:54:55, 22.8125, 22.9375, 22.8750
2022/6/24, 13:55:0, 22.8750, 22.9375, 22.9375
2022/6/24, 13:55:5, 22.8750, 22.9375, 22.9375
2022/6/24, 13:55:10, 22.8750, 23.0000, 22.9375
2022/6/24, 13:55:15, 22.9375, 23.0000, 22.9375
2022/6/24, 13:55:20, 22.9375, 23.0000, 22.9375
2022/6/24, 13:55:25, 22.9375, 23.0000, 23.0000
2022/6/24, 13:55:30, 22.9375, 23.0000, 23.0625
2022/6/24, 13:55:35, 22.9375, 23.1250, 23.0000
2022/6/24, 13:55:40, 23.0000, 23.0625, 23.0000
2022/6/24, 13:55:45, 23.0000, 23.1250, 23.0625
2022/6/24, 13:55:50, 23.0625, 23.1250, 23.0625
2022/6/24, 13:55:55, 23.0625, 23.1250, 23.0625
2022/6/24, 13:56:0, 23.0625, 23.1875, 23.1250
2022/6/24, 13:56:5, 23.0625, 23.1875, 23.1250
2022/6/24, 13:56:10, 23.1250, 23.1875, 23.1250
2022/6/24, 13:56:15, 23.1250, 23.1875, 23.1875
2022/6/24, 13:56:20, 23.1250, 23.2500, 23.1875
2022/6/24, 13:56:25, 23.1250, 23.1875, 23.1875
2022/6/24, 13:56:30, 23.1875, 23.2500, 23.1875
2022/6/24, 13:56:35, 23.1875, 23.2500, 23.2500
2022/6/24, 13:56:40, 23.1875, 23.3125, 23.1875
2022/6/24, 13:56:45, 23.1875, 23.3125, 23.2500
2022/6/24, 13:56:50, 23.2500, 23.3750, 23.2500
2022/6/24, 13:56:55, 23.2500, 23.3750, 23.3125
2022/6/24, 13:57:0, 23.2500, 23.3750, 23.3125
2022/6/24, 13:57:5, 23.3125, 23.3750, 23.3125
2022/6/24, 13:57:10, 23.2500, 23.3750, 23.3750
2022/6/24, 13:57:15, 23.3125, 23.3750, 23.3750
2022/6/24, 13:57:20, 23.3125, 23.4375, 23.3750
2022/6/24, 13:57:25, 23.3125, 23.5000, 23.3750
2022/6/24, 13:57:30, 23.3750, 23.4375, 23.3750
2022/6/24, 13:57:35, 23.3750, 23.5000, 23.4375
2022/6/24, 13:57:40, 23.4375, 23.5000, 23.4375
2022/6/24, 13:57:45, 23.5000, 23.5000, 23.4375
2022/6/24, 13:57:50, 23.4375, 23.5000, 23.5625
2022/6/24, 13:57:55, 23.4375, 23.5625, 23.5000
2022/6/24, 13:58:0, 23.5000, 23.5625, 23.5625
2022/6/24, 13:58:5, 23.5000, 23.6250, 23.5000
2022/6/24, 13:58:10, 23.5625, 23.6250, 23.5625
2022/6/24, 13:58:15, 23.5625, 23.6250, 23.5625
2022/6/24, 13:58:20, 23.5625, 23.6250, 23.5625
2022/6/24, 13:58:25, 23.5625, 23.6250, 23.6250
2022/6/24, 13:58:30, 23.6250, 23.6875, 23.6250
2022/6/24, 13:58:35, 23.6250, 23.6875, 23.6250
2022/6/24, 13:58:40, 23.6250, 23.7500, 23.6250
2022/6/24, 13:58:45, 23.6250, 23.7500, 23.6875
2022/6/24, 13:58:50, 23.6250, 23.6875, 23.6875
2022/6/24, 13:58:55, 23.6250, 23.7500, 23.6875
2022/6/24, 13:59:0, 23.6250, 23.7500, 23.6875
2022/6/24, 13:59:5, 23.6875, 23.8125, 23.7500
2022/6/24, 13:59:10, 23.6875, 23.7500, 23.7500
2022/6/24, 13:59:15, 23.7500, 23.8125, 23.7500
2022/6/24, 13:59:20, 23.7500, 23.8750, 23.8125
2022/6/24, 13:59:25, 23.7500, 23.8125, 23.8125
2022/6/24, 13:59:30, 23.8125, 23.8750, 23.8125
2022/6/24, 13:59:35, 23.8125, 23.8750, 23.8125
2022/6/24, 13:59:40, 23.8125, 23.8750, 23.8125
2022/6/24, 13:59:45, 23.8125, 23.9375, 23.8750
2022/6/24, 13:59:50, 23.8125, 23.9375, 23.8750
2022/6/24, 13:59:55, 23.8750, 24.0000, 23.8750
2022/6/24, 14:0:0, 23.8750, 23.9375, 23.9375
2022/6/24, 14:0:5, 23.8750, 24.0000, 23.9375
2022/6/24, 14:0:10, 23.9375, 24.0000, 23.9375
2022/6/24, 14:0:15, 23.9375, 24.0000, 24.0000
2022/6/24, 14:0:20, 23.9375, 24.0000, 24.0000
2022/6/24, 14:0:25, 23.9375, 24.1250, 23.9375
2022/6/24, 14:0:30, 23.9375, 24.0000, 24.0000
2022/6/24, 14:0:35, 24.0000, 24.0625, 24.0625
2022/6/24, 14:0:40, 24.0000, 24.0625, 24.0625
2022/6/24, 14:0:45, 24.0000, 24.1250, 24.0625
2022/6/24, 14:0:50, 24.0625, 24.1875, 24.0625
2022/6/24, 14:0:55, 24.0625, 24.1875, 24.0625
2022/6/24, 14:1:0, 24.0625, 24.1875, 24.1250
2022/6/24, 14:1:5, 24.1250, 24.1875, 24.1875
2022/6/24, 14:1:10, 24.1250, 24.1875, 24.1250
2022/6/24, 14:1:15, 24.1875, 24.2500, 24.2500
2022/6/24, 14:1:20, 24.1875, 24.2500, 24.1875
2022/6/24, 14:1:25, 24.1875, 24.3125, 24.2500
2022/6/24, 14:1:30, 24.1875, 24.2500, 24.2500
2022/6/24, 14:1:35, 24.1875, 24.3750, 24.2500
2022/6/24, 14:1:40, 24.2500, 24.3125, 24.3125
2022/6/24, 14:1:45, 24.2500, 24.3125, 24.2500
2022/6/24, 14:1:50, 24.2500, 24.3125, 24.2500
2022/6/24, 14:1:55, 24.3125, 24.3750, 24.3125
2022/6/24, 14:2:0, 24.3125, 24.3750, 24.3125
2022/6/24, 14:2:5, 24.3125, 24.3750, 24.3125
2022/6/24, 14:2:10, 24.3750, 24.4375, 24.3750
2022/6/24, 14:2:15, 24.3125, 24.4375, 24.3750
2022/6/24, 14:2:20, 24.3750, 24.4375, 24.3750
2022/6/24, 14:2:25, 24.3750, 24.4375, 24.4375
2022/6/24, 14:2:30, 24.3750, 24.5000, 24.4375
2022/6/24, 14:2:35, 24.4375, 24.5000, 24.5000
2022/6/24, 14:2:40, 24.5000, 24.5000, 24.5000
2022/6/24, 14:2:45, 24.4375, 24.5625, 24.5000
2022/6/24, 14:2:50, 24.4375, 24.5625, 24.5000
2022/6/24, 14:2:55, 24.5000, 24.5625, 24.5625
2022/6/24, 14:3:0, 24.5000, 24.6250, 24.5000
2022/6/24, 14:3:5, 24.5625, 24.5625, 24.5625
2022/6/24, 14:3:10, 24.5625, 24.6250, 24.6250
2022/6/24, 14:3:15, 24.5625, 24.6250, 24.5625
2022/6/24, 14:3:20, 24.5625, 24.6875, 24.6250
2022/6/24, 14:3:25, 24.5625, 24.6250, 24.6250
2022/6/24, 14:3:30, 24.6250, 24.6875, 24.6875
2022/6/24, 14:3:35, 24.6250, 24.6875, 24.6250
2022/6/24, 14:3:40, 24.6250, 24.6875, 24.6250
2022/6/24, 14:3:45, 24.6875, 24.6875, 24.6875
2022/6/24, 14:3:50, 24.6875, 24.7500, 24.6875
2022/6/24, 14:3:55, 24.6875, 24.8125, 24.6875
2022/6/24, 14:4:0, 24.6875, 24.8750, 24.6875
2022/6/24, 14:4:5, 24.7500, 24.8125, 24.7500
2022/6/24, 14:4:10, 24.7500, 24.8125, 24.7500
2022/6/24, 14:4:15, 24.7500, 24.8750, 24.8125
2022/6/24, 14:4:20, 24.7500, 24.8750, 24.8125
2022/6/24, 14:4:25, 24.7500, 24.8750, 24.8125
2022/6/24, 14:4:30, 24.8125, 24.9375, 24.8750
2022/6/24, 14:4:35, 24.8125, 24.9375, 24.8125
2022/6/24, 14:4:40, 24.8125, 24.9375, 24.8750
2022/6/24, 14:4:45, 24.8750, 24.9375, 24.9375
2022/6/24, 14:4:50, 24.8750, 24.9375, 24.8750
2022/6/24, 14:4:55, 24.8750, 25.0000, 24.9375
2022/6/24, 14:5:0, 24.9375, 25.0000, 25.0000
2022/6/24, 14:5:5, 24.9375, 25.0000, 24.9375
2022/6/24, 14:5:10, 24.9375, 25.0625, 24.9375
2022/6/24, 14:5:15, 24.9375, 25.0000, 24.9375
2022/6/24, 14:5:20, 25.0000, 25.0625, 25.0000
2022/6/24, 14:5:25, 25.0625, 25.1250, 25.0000
2022/6/24, 14:5:30, 25.0000, 25.0625, 25.0625
2022/6/24, 14:5:35, 25.0000, 25.1250, 25.0625
2022/6/24, 14:5:40, 25.0000, 25.1875, 25.0625
2022/6/24, 14:5:45, 25.1250, 25.1250, 25.1250
2022/6/24, 14:5:50, 25.0625, 25.1250, 25.0625
2022/6/24, 14:5:55, 25.1250, 25.2500, 25.1250
2022/6/24, 14:6:0, 25.1250, 25.1875, 25.1875
2022/6/24, 14:6:5, 25.1250, 25.2500, 25.1250
2022/6/24, 14:6:10, 25.1250, 25.2500, 25.1250
2022/6/24, 14:6:15, 25.1875, 25.2500, 25.1875
2022/6/24, 14:6:20, 25.1875, 25.2500, 25.1875
2022/6/24, 14:6:25, 25.1875, 25.2500, 25.1875
2022/6/24, 14:6:30, 25.1875, 25.3125, 25.1875
2022/6/24, 14:6:35, 25.1875, 25.3125, 25.3125
2022/6/24, 14:6:40, 25.2500, 25.3750, 25.3125
2022/6/24, 14:6:45, 25.3125, 25.3750, 25.2500
2022/6/24, 14:6:50, 25.2500, 25.3750, 25.3125
2022/6/24, 14:6:55, 25.3125, 25.3750, 25.3125
2022/6/24, 14:7:0, 25.3125, 25.3750, 25.3125
2022/6/24, 14:7:5, 25.3750, 25.3750, 25.3125
2022/6/24, 14:7:10, 25.3750, 25.4375, 25.3750
2022/6/24, 14:7:15, 25.4375, 25.5000, 25.3750
2022/6/24, 14:7:20, 25.3750, 25.5000, 25.3750
2022/6/24, 14:7:25, 25.4375, 25.5000, 25.4375
2022/6/24, 14:7:30, 25.3750, 25.5000, 25.4375
2022/6/24, 14:7:35, 25.3750, 25.5000, 25.4375
2022/6/24, 14:7:40, 25.4375, 25.5000, 25.4375
2022/6/24, 14:7:45, 25.4375, 25.5625, 25.5000
2022/6/24, 14:7:50, 25.5000, 25.5625, 25.5000
2022/6/24, 14:7:55, 25.5000, 25.6250, 25.5000
2022/6/24, 14:8:0, 25.5000, 25.6250, 25.5000
2022/6/24, 14:8:5, 25.5000, 25.6250, 25.5625
2022/6/24, 14:8:10, 25.5625, 25.6875, 25.5625
2022/6/24, 14:8:15, 25.5625, 25.6250, 25.5625
2022/6/24, 14:8:20, 25.5625, 25.6875, 25.6250
2022/6/24, 14:8:25, 25.6250, 25.6875, 25.6250
2022/6/24, 14:8:30, 25.6250, 25.6875, 25.6250
2022/6/24, 14:8:35, 25.6875, 25.7500, 25.6250
2022/6/24, 14:8:40, 25.6250, 25.7500, 25.6875
2022/6/24, 14:8:45, 25.6875, 25.7500, 25.6875
2022/6/24, 14:8:50, 25.6875, 25.7500, 25.6875
2022/6/24, 14:8:55, 25.7500, 25.8125, 25.6875
2022/6/24, 14:9:0, 25.7500, 25.8125, 25.6875
2022/6/24, 14:9:5, 25.7500, 25.8125, 25.7500
2022/6/24, 14:9:10, 25.7500, 25.8750, 25.7500
2022/6/24, 14:9:15, 25.8125, 25.8125, 25.8125
2022/6/24, 14:9:20, 25.8125, 25.8750, 25.7500
2022/6/24, 14:9:25, 25.8125, 25.9375, 25.8125
2022/6/24, 14:9:30, 25.8125, 25.9375, 25.8125
2022/6/24, 14:9:35, 25.8125, 25.9375, 25.8750
2022/6/24, 14:9:40, 25.8750, 25.9375, 25.8125
2022/6/24, 14:9:45, 25.8750, 25.9375, 25.8750
2022/6/24, 14:9:50, 25.8750, 25.9375, 25.8750
2022/6/24, 14:9:55, 25.8750, 26.0000, 25.8750
2022/6/24, 14:10:0, 25.9375, 26.0000, 25.9375
2022/6/24, 14:10:5, 25.9375, 26.0000, 25.9375
2022/6/24, 14:10:10, 25.9375, 26.0625, 26.0000
2022/6/24, 14:10:15, 26.0000, 26.0625, 26.0000
2022/6/24, 14:10:20, 26.0000, 26.0625, 26.0000
2022/6/24, 14:10:25, 26.0000, 26.0625, 26.0000
2022/6/24, 14:10:30, 26.0625, 26.1250, 26.0000
2022/6/24, 14:10:35, 26.0625, 26.1250, 26.0000
2022/6/24, 14:10:40, 26.0625, 26.1250, 26.0625
2022/6/24, 14:10:45, 26.0625, 26.1875, 26.1250
2022/6/24, 14:10:50, 26.1250, 26.1875, 26.1250
2022/6/24, 14:10:55, 26.0625, 26.1875, 26.0625
2022/6/24, 14:11:0, 26.0625, 26.1875, 26.1250
2022/6/24, 14:11:5, 26.1250, 26.2500, 26.1250
2022/6/24, 14:11:10, 26.1250, 26.1875, 26.1250
2022/6/24, 14:11:15, 26.1875, 26.2500, 26.1250
2022/6/24, 14:11:20, 26.1875, 26.2500, 26.2500
2022/6/24, 14:11:25, 26.1875, 26.2500, 26.1875
2022/6/24, 14:11:30, 26.1875, 26.3125, 26.1875
2022/6/24, 14:11:35, 26.2500, 26.3125, 26.1875
2022/6/24, 14:11:40, 26.2500, 26.3125, 26.2500
2022/6/24, 14:11:45, 26.2500, 26.3125, 26.2500
2022/6/24, 14:11:50, 26.3125, 26.3750, 26.3125
2022/6/24, 14:11:55, 26.3125, 26.3750, 26.3125
2022/6/24, 14:12:0, 26.3125, 26.3750, 26.3125
2022/6/24, 14:12:5, 26.3125, 26.4375, 26.3125
2022/6/24, 14:12:10, 26.3125, 26.4375, 26.3750
2022/6/24, 14:12:15, 26.3750, 26.4375, 26.3750
2022/6/24, 14:12:20, 26.3750, 26.4375, 26.3750
2022/6/24, 14:12:25, 26.3750, 26.5000, 26.4375
2022/6/24, 14:12:30, 26.3750, 26.5000, 26.3750
2022/6/24, 14:12:35, 26.4375, 26.5000, 26.3750
2022/6/24, 14:12:40, 26.4375, 26.5625, 26.4375
2022/6/24, 14:12:45, 26.5000, 26.5000, 26.5000
2022/6/24, 14:12:50, 26.5000, 26.5000, 26.4375
2022/6/24, 14:12:55, 26.5000, 26.5625, 26.5000
2022/6/24, 14:13:0, 26.5000, 26.6250, 26.5625
2022/6/24, 14:13:5, 26.5625, 26.6250, 26.5625
2022/6/24, 14:13:10, 26.5000, 26.6250, 26.5625
2022/6/24, 14:13:15, 26.5625, 26.6250, 26.5625
2022/6/24, 14:13:20, 26.5625, 26.6875, 26.6250
2022/6/24, 14:13:25, 26.5625, 26.6250, 26.6250
2022/6/24, 14:13:30, 26.5625, 26.6875, 26.5625
2022/6/24, 14:13:35, 26.6250, 26.6875, 26.6250
2022/6/24, 14:13:40, 26.6250, 26.7500, 26.6250
2022/6/24, 14:13:45, 26.6250, 26.7500, 26.6875
2022/6/24, 14:13:50, 26.6875, 26.7500, 26.6875
2022/6/24, 14:13:55, 26.6875, 26.7500, 26.6875
2022/6/24, 14:14:0, 26.6875, 26.8125, 26.7500
2022/6/24, 14:14:5, 26.7500, 26.8125, 26.7500
2022/6/24, 14:14:10, 26.7500, 26.8125, 26.7500
2022/6/24, 14:14:15, 26.7500, 26.8125, 26.7500
2022/6/24, 14:14:20, 26.8125, 26.8750, 26.7500
2022/6/24, 14:14:25, 26.7500, 26.8125, 26.8125
2022/6/24, 14:14:30, 26.7500, 26.8750, 26.8125
2022/6/24, 14:14:35, 26.8750, 26.8750, 26.8125
2022/6/24, 14:14:40, 26.8125, 26.8750, 26.8750
2022/6/24, 14:14:45, 26.8125, 26.9375, 26.8750
2022/6/24, 14:14:50, 26.8750, 27.0000, 26.8750
2022/6/24, 14:14:55, 26.8750, 27.0000, 26.8750
2022/6/24, 14:15:0, 26.8750, 27.0000, 26.9375
2022/6/24, 14:15:5, 26.9375, 27.0000, 26.9375
2022/6/24, 14:15:10, 26.9375, 27.0625, 26.9375
2022/6/24, 14:15:15, 26.9375, 27.0625, 27.0000
2022/6/24, 14:15:20, 27.0000, 27.0625, 27.0000
2022/6/24, 14:15:25, 27.0000, 27.0000, 27.0000
2022/6/24, 14:15:30, 26.9375, 27.0625, 27.0000
2022/6/24, 14:15:35, 27.0000, 27.1250, 27.0625
2022/6/24, 14:15:40, 27.0625, 27.1250, 27.0625
2022/6/24, 14:15:45, 27.0625, 27.1250, 27.0625
2022/6/24, 14:15:50, 27.1250, 27.1250, 27.0625
2022/6/24, 14:15:55, 27.0625, 27.1250, 27.0625
2022/6/24, 14:16:0, 27.0625, 27.1875, 27.1250
2022/6/24, 14:16:5, 27.1250, 27.1875, 27.1250
2022/6/24, 14:16:10, 27.1250, 27.2500, 27.1250
2022/6/24, 14:16:15, 27.1250, 27.2500, 27.1250
2022/6/24, 14:16:20, 27.1250, 27.2500, 27.1875
2022/6/24, 14:16:25, 27.1875, 27.2500, 27.1875
2022/6/24, 14:16:30, 27.1875, 27.2500, 27.1875
2022/6/24, 14:16:35, 27.1875, 27.3125, 27.1875
2022/6/24, 14:16:40, 27.2500, 27.2500, 27.1875
2022/6/24, 14:16:45, 27.2500, 27.3125, 27.2500
2022/6/24, 14:16:50, 27.2500, 27.3125, 27.2500
2022/6/24, 14:16:55, 27.2500, 27.3750, 27.3125
2022/6/24, 14:17:0, 27.2500, 27.3750, 27.3125
2022/6/24, 14:17:5, 27.3125, 27.4375, 27.3125
2022/6/24, 14:17:10, 27.3125, 27.3750, 27.3750
2022/6/24, 14:17:15, 27.3125, 27.4375, 27.3125
2022/6/24, 14:17:20, 27.3125, 27.4375, 27.3125
2022/6/24, 14:17:25, 27.3750, 27.4375, 27.3750
2022/6/24, 14:17:30, 27.3750, 27.4375, 27.3750
2022/6/24, 14:17:35, 27.4375, 27.5000, 27.4375
2022/6/24, 14:17:40, 27.3750, 27.5000, 27.4375
2022/6/24, 14:17:45, 27.5000, 27.5625, 27.4375
2022/6/24, 14:17:50, 27.5000, 27.5000, 27.4375
2022/6/24, 14:17:55, 27.5000, 27.5625, 27.4375
2022/6/24, 14:18:0, 27.5000, 27.5625, 27.5000
2022/6/24, 14:18:5, 27.5000, 27.5625, 27.5000
2022/6/24, 14:18:10, 27.5000, 27.6250, 27.5000
2022/6/24, 14:18:15, 27.5625, 27.6250, 27.5625
2022/6/24, 14:18:20, 27.5000, 27.6250, 27.5625
2022/6/24, 14:18:25, 27.5625, 27.6875, 27.5625
2022/6/24, 14:18:30, 27.5625, 27.6875, 27.5625
2022/6/24, 14:18:35, 27.5625, 27.6875, 27.5625
2022/6/24, 14:18:40, 27.5625, 27.6875, 27.5625
2022/6/24, 14:18:45, 27.6250, 27.7500, 27.6250
2022/6/24, 14:18:50, 27.6250, 27.7500, 27.6250
2022/6/24, 14:18:55, 27.6875, 27.7500, 27.6250
2022/6/24, 14:19:0, 27.6875, 27.7500, 27.6250
2022/6/24, 14:19:5, 27.6875, 27.7500, 27.6875
2022/6/24, 14:19:10, 27.6875, 27.8125, 27.6875
2022/6/24, 14:19:15, 27.7500, 27.8125, 27.6875
2022/6/24, 14:19:20, 27.7500, 27.8125, 27.6875
2022/6/24, 14:19:25, 27.8125, 27.8750, 27.7500
2022/6/24, 14:19:30, 27.7500, 27.8125, 27.8125
2022/6/24, 14:19:35, 27.8125, 27.8750, 27.8125
2022/6/24, 14:19:40, 27.8125, 27.8750, 27.8125
2022/6/24, 14:19:45, 27.8125, 27.9375, 27.8125
2022/6/24, 14:19:50, 27.8750, 27.9375, 27.8125
2022/6/24, 14:19:55, 27.8750, 27.9375, 27.8750
2022/6/24, 14:20:0, 27.8750, 27.9375, 27.8750
2022/6/24, 14:20:5, 27.8750, 28.0000, 27.8750
2022/6/24, 14:20:10, 27.9375, 28.0000, 27.8750
2022/6/24, 14:20:15, 27.8750, 28.0000, 27.8750
2022/6/24, 14:20:20, 27.9375, 28.0000, 27.9375
2022/6/24, 14:20:25, 27.9375, 28.0625, 27.9375
2022/6/24, 14:20:30, 27.9375, 28.0625, 28.0000
2022/6/24, 14:20:35, 28.0000, 28.0625, 28.0000
2022/6/24, 14:20:40, 28.0000, 28.1250, 28.0000
2022/6/24, 14:20:45, 28.0000, 28.1250, 28.0000
2022/6/24, 14:20:50, 28.0000, 28.1250, 28.0000
2022/6/24, 14:20:55, 28.0000, 28.1250, 28.0625
2022/6/24, 14:21:0, 28.0625, 28.1250, 28.0625
2022/6/24, 14:21:5, 28.0625, 28.1875, 28.0625
2022/6/24, 14:21:10, 28.0625, 28.1875, 28.0625
2022/6/24, 14:21:15, 28.1250, 28.1875, 28.1250
2022/6/24, 14:21:20, 28.1250, 28.2500, 28.1250
2022/6/24, 14:21:25, 28.1250, 28.2500, 28.1250
2022/6/24, 14:21:30, 28.1875, 28.2500, 28.1250
2022/6/24, 14:21:35, 28.1875, 28.3125, 28.1250
2022/6/24, 14:21:40, 28.1875, 28.2500, 28.1875
2022/6/24, 14:21:45, 28.2500, 28.3125, 28.2500
2022/6/24, 14:21:50, 28.1875, 28.3750, 28.1875
2022/6/24, 14:21:55, 28.2500, 28.3125, 28.2500
2022/6/24, 14:22:0, 28.2500, 28.3750, 28.1875
2022/6/24, 14:22:5, 28.1875, 28.3750, 28.2500
2022/6/24, 14:22:10, 28.2500, 28.3750, 28.3125
2022/6/24, 14:22:15, 28.2500, 28.4375, 28.2500
2022/6/24, 14:22:20, 28.3125, 28.3750, 28.3125
2022/6/24, 14:22:25, 28.3125, 28.4375, 28.3125
2022/6/24, 14:22:30, 28.3750, 28.4375, 28.3125
2022/6/24, 14:22:35, 28.3750, 28.4375, 28.3750
2022/6/24, 14:22:40, 28.3750, 28.4375, 28.3750
2022/6/24, 14:22:45, 28.3750, 28.5000, 28.3750
2022/6/24, 14:22:50, 28.4375, 28.5000, 28.3750
2022/6/24, 14:22:55, 28.3750, 28.5000, 28.3750
2022/6/24, 14:23:0, 28.5000, 28.5625, 28.3750
2022/6/24, 14:23:5, 28.5000, 28.5625, 28.4375
2022/6/24, 14:23:10, 28.5000, 28.5000, 28.4375
2022/6/24, 14:23:15, 28.5000, 28.5625, 28.5000
2022/6/24, 14:23:20, 28.5000, 28.5625, 28.5000
2022/6/24, 14:23:25, 28.5000, 28.6250, 28.5000
2022/6/24, 14:23:30, 28.5000, 28.6250, 28.5000
2022/6/24, 14:23:35, 28.5625, 28.6875, 28.5625
2022/6/24, 14:23:40, 28.5625, 28.6250, 28.5000
2022/6/24, 14:23:45, 28.5625, 28.6875, 28.5625
2022/6/24, 14:23:50, 28.6250, 28.6250, 28.5625
2022/6/24, 14:23:55, 28.6250, 28.6875, 28.5625
2022/6/24, 14:24:0, 28.5625, 28.6875, 28.5625
2022/6/24, 14:24:5, 28.6250, 28.7500, 28.6250
2022/6/24, 14:24:10, 28.6875, 28.7500, 28.6250
2022/6/24, 14:24:15, 28.6875, 28.7500, 28.6250
2022/6/24, 14:24:20, 28.6875, 28.8125, 28.6875
2022/6/24, 14:24:25, 28.6875, 28.8125, 28.6875
2022/6/24, 14:24:30, 28.7500, 28.8125, 28.6875
2022/6/24, 14:24:35, 28.7500, 28.8125, 28.6875
2022/6/24, 14:24:40, 28.7500, 28.8750, 28.8125
2022/6/24, 14:24:45, 28.7500, 28.8750, 28.7500
2022/6/24, 14:24:50, 28.8125, 28.8750, 28.8125
2022/6/24, 14:24:55, 28.8125, 28.9375, 28.7500
2022/6/24, 14:25:0, 28.8125, 28.8750, 28.8125
2022/6/24, 14:25:5, 28.8750, 28.8750, 28.8750
2022/6/24, 14:25:10, 28.8125, 28.9375, 28.8125
2022/6/24, 14:25:15, 28.8750, 28.8750, 28.8125
2022/6/24, 14:25:20, 28.8750, 28.9375, 28.8125
2022/6/24, 14:25:25, 28.8750, 29.0000, 28.8750
2022/6/24, 14:25:30, 28.8750, 29.0000, 28.8750
2022/6/24, 14:25:35, 28.9375, 29.0000, 28.9375
2022/6/24, 14:25:40, 29.0000, 29.0000, 28.8750
2022/6/24, 14:25:45, 28.9375, 29.0625, 28.9375
2022/6/24, 14:25:50, 28.9375, 29.0625, 29.0000
2022/6/24, 14:25:55, 29.0000, 29.0625, 28.9375
2022/6/24, 14:26:0, 29.0000, 29.1250, 29.0000
2022/6/24, 14:26:5, 29.0000, 29.1250, 29.0000
2022/6/24, 14:26:10, 29.0000, 29.0625, 29.0625
2022/6/24, 14:26:15, 29.0625, 29.1250, 29.0625
2022/6/24, 14:26:20, 29.0625, 29.1250, 29.0000
2022/6/24, 14:26:25, 29.0625, 29.1250, 29.0625
2022/6/24, 14:26:30, 29.1250, 29.1875, 29.0625
2022/6/24, 14:26:35, 29.0625, 29.1875, 29.1250
2022/6/24, 14:26:40, 29.1250, 29.2500, 29.1250
2022/6/24, 14:26:45, 29.1875, 29.2500, 29.1250
2022/6/24, 14:26:50, 29.1250, 29.2500, 29.1875
2022/6/24, 14:26:55, 29.1875, 29.2500, 29.1875
2022/6/24, 14:27:0, 29.1875, 29.2500, 29.1250
2022/6/24, 14:27:5, 29.2500, 29.3125, 29.1875
2022/6/24, 14:27:10, 29.1875, 29.3125, 29.1875
2022/6/24, 14:27:15, 29.1875, 29.3125, 29.1875
2022/6/24, 14:27:20, 29.2500, 29.3125, 29.2500
2022/6/24, 14:27:25, 29.2500, 29.3125, 29.2500
2022/6/24, 14:27:30, 29.2500, 29.3750, 29.2500
2022/6/24, 14:27:35, 29.3125, 29.3750, 29.2500
2022/6/24, 14:27:40, 29.3125, 29.3750, 29.2500
2022/6/24, 14:27:45, 29.3125, 29.4375, 29.3125
2022/6/24, 14:27:50, 29.3750, 29.4375, 29.3125
2022/6/24, 14:27:55, 29.3750, 29.4375, 29.3125
2022/6/24, 14:28:0, 29.3750, 29.4375, 29.3750
2022/6/24, 14:28:5, 29.3750, 29.4375, 29.3750
2022/6/24, 14:28:10, 29.4375, 29.5000, 29.3750
2022/6/24, 14:28:15, 29.4375, 29.4375, 29.4375
2022/6/24, 14:28:20, 29.4375, 29.5000, 29.4375
2022/6/24, 14:28:25, 29.4375, 29.5000, 29.4375
2022/6/24, 14:28:30, 29.4375, 29.5000, 29.4375
2022/6/24, 14:28:35, 29.5000, 29.5000, 29.4375
2022/6/24, 14:28:40, 29.5000, 29.5625, 29.4375
2022/6/24, 14:28:45, 29.5000, 29.5625, 29.5000
2022/6/24, 14:28:50, 29.5625, 29.6250, 29.5000
2022/6/24, 14:28:55, 29.5625, 29.6250, 29.5625
2022/6/24, 14:29:0, 29.5625, 29.6250, 29.5625
2022/6/24, 14:29:5, 29.5625, 29.6875, 29.5625
2022/6/24, 14:29:10, 29.6250, 29.6250, 29.5625
2022/6/24, 14:29:15, 29.6250, 29.6875, 29.5625
2022/6/24, 14:29:20, 29.6250, 29.6875, 29.5625
2022/6/24, 14:29:25, 29.6250, 29.7500, 29.6250
2022/6/24, 14:29:30, 29.6875, 29.7500, 29.6250
2022/6/24, 14:29:35, 29.6875, 29.6875, 29.6250
2022/6/24, 14:29:40, 29.6875, 29.7500, 29.6875
2022/6/24, 14:29:45, 29.6875, 29.7500, 29.6250
2022/6/24, 14:29:50, 29.6875, 29.7500, 29.6250
2022/6/24, 14:29:55, 29.7500, 29.7500, 29.6875
2022/6/24, 14:30:0, 29.6875, 29.7500, 29.6875
2022/6/24, 14:30:5, 29.7500, 29.8125, 29.7500
2022/6/24, 14:30:10, 29.7500, 29.8125, 29.7500
2022/6/24, 14:30:15, 29.8125, 29.8125, 29.7500
2022/6/24, 14:30:20, 29.7500, 29.8125, 29.7500
2022/6/24, 14:30:25, 29.8125, 29.8750, 29.8125
2022/6/24, 14:30:30, 29.8125, 29.8750, 29.8125
2022/6/24, 14:30:35, 29.8750, 29.8750, 29.8125
2022/6/24, 14:30:40, 29.8125, 29.8750, 29.8125
2022/6/24, 14:30:45, 29.8750, 29.9375, 29.8750
2022/6/24, 14:30:50, 29.8750, 29.9375, 29.8750
2022/6/24, 14:30:55, 29.8750, 29.9375, 29.8750
2022/6/24, 14:31:0, 29.9375, 29.9375, 29.8750
2022/6/24, 14:31:5, 29.9375, 30.0000, 29.9375
2022/6/24, 14:31:10, 30.0000, 29.9375, 29.8750
2022/6/24, 14:31:15, 29.9375, 30.0000, 30.0000
2022/6/24, 14:31:20, 29.9375, 30.0000, 29.9375
2022/6/24, 14:31:25, 29.9375, 30.0625, 29.9375
2022/6/24, 14:31:30, 30.0000, 30.0625, 30.0000
2022/6/24, 14:31:35, 30.0000, 30.1250, 30.0625
2022/6/24, 14:31:40, 30.0625, 30.0625, 30.0000
2022/6/24, 14:31:45, 30.0000, 30.0625, 30.0000
2022/6/24, 14:31:50, 30.0625, 30.0625, 30.0625
2022/6/24, 14:31:55, 30.0625, 30.1250, 30.0625
2022/6/24, 14:32:0, 30.1250, 30.1250, 30.0625
2022/6/24, 14:32:5, 30.1250, 30.1250, 30.0625
2022/6/24, 14:32:10, 30.1250, 30.1875, 30.1250
2022/6/24, 14:32:15, 30.1250, 30.1875, 30.1250
2022/6/24, 14:32:20, 30.1250, 30.1875, 30.1875
2022/6/24, 14:32:25, 30.1875, 30.2500, 30.1875
2022/6/24, 14:32:30, 30.1875, 30.2500, 30.1875
2022/6/24, 14:32:35, 30.1875, 30.2500, 30.1875
2022/6/24, 14:32:40, 30.1875, 30.2500, 30.1875
2022/6/24, 14:32:45, 30.2500, 30.2500, 30.1875
2022/6/24, 14:32:50, 30.2500, 30.2500, 30.2500
2022/6/24, 14:32:55, 30.2500, 30.3125, 30.2500
2022/6/24, 14:33:0, 30.2500, 30.3125, 30.2500
2022/6/24, 14:33:5, 30.3125, 30.3125, 30.2500
2022/6/24, 14:33:10, 30.3125, 30.3750, 30.3125
2022/6/24, 14:33:15, 30.3125, 30.3125, 30.3125
2022/6/24, 14:33:20, 30.3125, 30.3125, 30.3125
2022/6/24, 14:33:25, 30.3750, 30.3750, 30.3750
2022/6/24, 14:33:30, 30.3750, 30.3750, 30.3750
2022/6/24, 14:33:35, 30.3750, 30.4375, 30.3125
2022/6/24, 14:33:40, 30.3750, 30.4375, 30.3750
2022/6/24, 14:33:45, 30.4375, 30.5000, 30.3750
2022/6/24, 14:33:50, 30.4375, 30.4375, 30.3750
2022/6/24, 14:33:55, 30.5000, 30.5000, 30.3750
2022/6/24, 14:34:0, 30.4375, 30.5000, 30.4375
2022/6/24, 14:34:5, 30.4375, 30.5000, 30.4375
2022/6/24, 14:34:10, 30.5000, 30.5000, 30.4375
2022/6/24, 14:34:15, 30.5000, 30.5625, 30.4375
2022/6/24, 14:34:20, 30.5000, 30.5625, 30.5000
2022/6/24, 14:34:25, 30.5000, 30.5625, 30.5000
2022/6/24, 14:34:30, 30.5625, 30.5625, 30.5000
2022/6/24, 14:34:35, 30.5625, 30.5625, 30.5625
2022/6/24, 14:34:40, 30.5625, 30.5625, 30.5625
2022/6/24, 14:34:45, 30.6250, 30.6250, 30.5625
2022/6/24, 14:34:50, 30.6250, 30.5625, 30.5625
2022/6/24, 14:34:55, 30.6250, 30.6875, 30.6250
2022/6/24, 14:35:0, 30.6875, 30.6875, 30.6250
2022/6/24, 14:35:5, 30.6250, 30.6875, 30.6250
2022/6/24, 14:35:10, 30.6875, 30.6875, 30.6250
2022/6/24, 14:35:15, 30.6875, 30.6875, 30.6250
2022/6/24, 14:35:20, 30.6875, 30.7500, 30.6875
2022/6/24, 14:35:25, 30.7500, 30.7500, 30.6875
2022/6/24, 14:35:30, 30.7500, 30.7500, 30.6875
2022/6/24, 14:35:35, 30.7500, 30.7500, 30.6875
2022/6/24, 14:35:40, 30.7500, 30.7500, 30.7500
2022/6/24, 14:35:45, 30.7500, 30.8125, 30.7500
2022/6/24, 14:35:50, 30.8125, 30.8125, 30.7500
2022/6/24, 14:35:55, 30.8125, 30.8125, 30.7500
2022/6/24, 14:36:0, 30.8750, 30.8750, 30.7500
2022/6/24, 14:36:5, 30.8125, 30.8125, 30.8125
2022/6/24, 14:36:10, 30.8750, 30.8750, 30.8125
2022/6/24, 14:36:15, 30.8750, 30.8750, 30.8125
2022/6/24, 14:36:20, 30.9375, 30.8750, 30.8125
2022/6/24, 14:36:25, 30.9375, 30.9375, 30.8750
2022/6/24, 14:36:30, 30.9375, 30.9375, 30.8750
2022/6/24, 14:36:35, 30.9375, 31.0000, 30.9375
2022/6/24, 14:36:40, 31.0000, 30.9375, 30.9375
2022/6/24, 14:36:45, 31.0000, 31.0000, 30.9375
2022/6/24, 14:36:50, 31.0000, 31.0000, 30.9375
2022/6/24, 14:36:55, 31.0000, 31.0000, 30.9375
2022/6/24, 14:37:0, 31.0000, 31.0000, 30.9375
2022/6/24, 14:37:5, 31.0000, 31.0625, 31.0000
2022/6/24, 14:37:10, 31.0000, 31.0625, 30.9375
2022/6/24, 14:37:15, 31.0625, 31.1250, 30.9375
2022/6/24, 14:37:20, 31.0625, 31.1250, 31.0625
2022/6/24, 14:37:25, 31.0625, 31.1250, 31.0000
2022/6/24, 14:37:30, 31.1250, 31.1250, 31.0000
2022/6/24, 14:37:35, 31.1250, 31.1250, 31.0625
2022/6/24, 14:37:40, 31.1250, 31.1250, 31.0625
2022/6/24, 14:37:45, 31.1250, 31.1875, 31.1250
2022/6/24, 14:37:50, 31.1250, 31.1875, 31.1250
2022/6/24, 14:37:55, 31.1875, 31.1875, 31.1250
2022/6/24, 14:38:0, 31.1875, 31.1875, 31.1875
2022/6/24, 14:38:5, 31.1875, 31.2500, 31.1875
2022/6/24, 14:38:10, 31.1875, 31.2500, 31.1875
2022/6/24, 14:38:15, 31.3125, 31.2500, 31.1875
2022/6/24, 14:38:20, 31.1875, 31.2500, 31.1875
2022/6/24, 14:38:25, 31.2500, 31.3125, 31.1875
2022/6/24, 14:38:30, 31.3125, 31.3125, 31.2500
2022/6/24, 14:38:35, 31.3125, 31.3125, 31.2500
2022/6/24, 14:38:40, 31.3125, 31.3750, 31.3125
2022/6/24, 14:38:45, 31.3125, 31.3750, 31.3125
2022/6/24, 14:38:50, 31.3125, 31.3750, 31.3125
2022/6/24, 14:38:55, 31.3750, 31.4375, 31.3750
2022/6/24, 14:39:0, 31.3750, 31.4375, 31.3750
2022/6/24, 14:39:5, 31.3750, 31.3750, 31.3125
2022/6/24, 14:39:10, 31.4375, 31.4375, 31.3125
2022/6/24, 14:39:15, 31.5000, 31.4375, 31.3750
2022/6/24, 14:39:20, 31.4375, 31.4375, 31.4375
2022/6/24, 14:39:25, 31.4375, 31.5000, 31.3750
2022/6/24, 14:39:30, 31.4375, 31.5000, 31.4375
2022/6/24, 14:39:35, 31.4375, 31.5000, 31.4375
2022/6/24, 14:39:40, 31.4375, 31.5000, 31.4375
2022/6/24, 14:39:45, 31.5000, 31.5000, 31.5000
2022/6/24, 14:39:50, 31.5625, 31.6250, 31.5000
2022/6/24, 14:39:55, 31.5000, 31.5625, 31.4375
2022/6/24, 14:40:0, 31.5625, 31.6250, 31.5000
2022/6/24, 14:40:5, 31.5625, 31.6250, 31.5625
2022/6/24, 14:40:10, 31.5625, 31.6250, 31.5625
2022/6/24, 14:40:15, 31.5625, 31.6250, 31.5625
2022/6/24, 14:40:20, 31.6250, 31.6250, 31.6250
2022/6/24, 14:40:25, 31.6250, 31.6875, 31.5625
2022/6/24, 14:40:30, 31.6875, 31.6875, 31.5625
2022/6/24, 14:40:35, 31.6250, 31.6875, 31.6250
2022/6/24, 14:40:40, 31.6875, 31.6875, 31.6250
2022/6/24, 14:40:45, 31.6250, 31.6875, 31.6875
2022/6/24, 14:40:50, 31.6875, 31.7500, 31.6875
2022/6/24, 14:40:55, 31.6875, 31.7500, 31.6250
2022/6/24, 14:41:0, 31.7500, 31.7500, 31.6875
2022/6/24, 14:41:5, 31.7500, 31.7500, 31.6875
2022/6/24, 14:41:10, 31.7500, 31.8125, 31.7500
2022/6/24, 14:41:15, 31.7500, 31.8125, 31.7500
2022/6/24, 14:41:20, 31.8125, 31.8125, 31.7500
2022/6/24, 14:41:25, 31.7500, 31.8125, 31.8125
2022/6/24, 14:41:30, 31.8125, 31.8125, 31.8125
2022/6/24, 14:41:35, 31.8125, 31.8125, 31.7500
2022/6/24, 14:41:40, 31.8750, 31.8750, 31.8125
2022/6/24, 14:41:45, 31.8125, 31.8750, 31.8125
2022/6/24, 14:41:50, 31.8125, 31.8750, 31.8125
2022/6/24, 14:41:55, 31.8750, 31.9375, 31.8750
2022/6/24, 14:42:0, 31.8750, 31.9375, 31.8750
2022/6/24, 14:42:5, 31.9375, 31.9375, 31.8750
2022/6/24, 14:42:10, 31.8750, 32.0000, 31.8750
2022/6/24, 14:42:15, 31.9375, 31.9375, 31.8750
2022/6/24, 14:42:20, 32.0000, 32.0000, 31.9375
2022/6/24, 14:42:25, 32.0000, 32.0000, 31.8750
2022/6/24, 14:42:30, 32.0000, 32.0000, 32.0000
2022/6/24, 14:42:35, 32.0000, 32.0000, 31.9375
2022/6/24, 14:42:40, 32.0000, 32.0000, 32.0000
2022/6/24, 14:42:45, 32.0000, 32.0625, 32.0000
2022/6/24, 14:42:50, 32.0000, 32.0625, 32.0000
2022/6/24, 14:42:55, 32.0625, 32.0625, 32.0000
2022/6/24, 14:43:0, 32.0625, 32.1250, 32.0000
2022/6/24, 14:43:5, 32.0625, 32.1250, 32.0000
2022/6/24, 14:43:10, 32.1250, 32.1250, 32.0625
2022/6/24, 14:43:15, 32.0625, 32.1250, 32.0625
2022/6/24, 14:43:20, 32.1250, 32.1250, 32.0625
2022/6/24, 14:43:25, 32.1250, 32.1875, 32.0625
2022/6/24, 14:43:30, 32.1250, 32.1875, 32.1250
2022/6/24, 14:43:35, 32.1250, 32.1875, 32.1250
2022/6/24, 14:43:40, 32.1875, 32.2500, 32.1250
2022/6/24, 14:43:45, 32.2500, 32.1875, 32.1250
2022/6/24, 14:43:50, 32.1875, 32.2500, 32.1250
2022/6/24, 14:43:55, 32.1875, 32.2500, 32.1875
2022/6/24, 14:44:0, 32.2500, 32.2500, 32.1875
2022/6/24, 14:44:5, 32.2500, 32.2500, 32.1875
2022/6/24, 14:44:10, 32.2500, 32.3125, 32.1875
2022/6/24, 14:44:15, 32.2500, 32.3125, 32.1875
2022/6/24, 14:44:20, 32.3125, 32.3750, 32.2500
2022/6/24, 14:44:25, 32.3125, 32.3750, 32.2500
2022/6/24, 14:44:30, 32.3125, 32.3750, 32.2500
2022/6/24, 14:44:35, 32.3125, 32.3125, 32.3125
2022/6/24, 14:44:40, 32.3750, 32.3750, 32.3125
2022/6/24, 14:44:45, 32.3750, 32.4375, 32.3125
2022/6/24, 14:44:50, 32.3125, 32.4375, 32.3750
2022/6/24, 14:44:55, 32.4375, 32.4375, 32.3125
2022/6/24, 14:45:0, 32.3750, 32.4375, 32.3750
2022/6/24, 14:45:5, 32.4375, 32.4375, 32.3750
2022/6/24, 14:45:10, 32.4375, 32.4375, 32.3750
2022/6/24, 14:45:15, 32.4375, 32.5000, 32.3750
2022/6/24, 14:45:20, 32.4375, 32.5000, 32.3750
2022/6/24, 14:45:25, 32.4375, 32.5000, 32.4375
2022/6/24, 14:45:30, 32.5000, 32.5000, 32.4375
2022/6/24, 14:45:35, 32.5000, 32.5000, 32.5000
2022/6/24, 14:45:40, 32.5000, 32.5625, 32.5000
2022/6/24, 14:45:45, 32.5625, 32.5625, 32.4375
2022/6/24, 14:45:50, 32.5000, 32.5625, 32.5000
2022/6/24, 14:45:55, 32.5625, 32.5625, 32.5625
2022/6/24, 14:46:0, 32.5625, 32.5625, 32.5000
2022/6/24, 14:46:5, 32.6250, 32.6250, 32.5625
2022/6/24, 14:46:10, 32.6250, 32.5625, 32.5625
2022/6/24, 14:46:15, 32.6250, 32.6250, 32.5625
2022/6/24, 14:46:20, 32.6250, 32.6250, 32.5625
2022/6/24, 14:46:25, 32.6250, 32.6875, 32.6250
2022/6/24, 14:46:30, 32.6250, 32.6875, 32.6250
2022/6/24, 14:46:35, 32.6250, 32.7500, 32.6250
2022/6/24, 14:46:40, 32.6875, 32.7500, 32.6875
2022/6/24, 14:46:45, 32.6875, 32.7500, 32.6875
2022/6/24, 14:46:50, 32.6875, 32.7500, 32.6875
2022/6/24, 14:46:55, 32.7500, 32.7500, 32.6250
2022/6/24, 14:47:0, 32.7500, 32.7500, 32.6875
2022/6/24, 14:47:5, 32.7500, 32.8125, 32.6875
2022/6/24, 14:47:10, 32.7500, 32.8125, 32.7500
2022/6/24, 14:47:15, 32.8125, 32.8125, 32.7500
2022/6/24, 14:47:20, 32.8125, 32.8125, 32.7500
2022/6/24, 14:47:25, 32.8125, 32.8125, 32.7500
2022/6/24, 14:47:30, 32.8125, 32.8750, 32.7500
2022/6/24, 14:47:35, 32.8125, 32.8750, 32.8125
2022/6/24, 14:47:40, 32.8125, 32.8750, 32.8125
2022/6/24, 14:47:45, 32.8750, 32.8750, 32.8125
2022/6/24, 14:47:50, 32.8750, 32.8750, 32.8750
2022/6/24, 14:47:55, 32.8750, 32.9375, 32.8125
2022/6/24, 14:48:0, 32.9375, 32.9375, 32.8750
2022/6/24, 14:48:5, 32.9375, 32.9375, 32.8750
2022/6/24, 14:48:10, 32.9375, 33.0000, 32.9375
2022/6/24, 14:48:15, 32.9375, 33.0000, 32.9375
2022/6/24, 14:48:20, 33.0000, 33.0000, 32.9375
2022/6/24, 14:48:25, 33.0000, 33.0000, 32.9375
2022/6/24, 14:48:30, 33.0000, 33.0000, 32.9375
2022/6/24, 14:48:35, 33.0000, 33.0000, 33.0000
2022/6/24, 14:48:40, 33.0000, 33.0000, 32.9375
2022/6/24, 14:48:45, 33.0000, 33.0625, 33.0000
2022/6/24, 14:48:50, 33.0625, 33.0625, 33.0000
2022/6/24, 14:48:55, 33.0625, 33.0625, 33.0000
2022/6/24, 14:49:0, 33.1250, 33.0625, 33.0625
2022/6/24, 14:49:5, 33.1250, 33.0625, 33.0625
2022/6/24, 14:49:10, 33.0625, 33.1250, 33.0625
2022/6/24, 14:49:15, 33.1250, 33.1250, 33.0625
2022/6/24, 14:49:20, 33.1875, 33.1250, 33.1250
2022/6/24, 14:49:25, 33.1250, 33.1250, 33.0625
2022/6/24, 14:49:30, 33.1875, 33.1250, 33.1250
2022/6/24, 14:49:35, 33.1875, 33.1250, 33.1250
2022/6/24, 14:49:40, 33.1875, 33.1875, 33.1875
2022/6/24, 14:49:45, 33.1875, 33.1875, 33.1250
2022/6/24, 14:49:50, 33.2500, 33.1875, 33.1875
2022/6/24, 14:49:55, 33.2500, 33.2500, 33.2500
2022/6/24, 14:50:0, 33.2500, 33.2500, 33.1875
2022/6/24, 14:50:5, 33.2500, 33.3125, 33.1875
2022/6/24, 14:50:10, 33.2500, 33.3125, 33.2500
2022/6/24, 14:50:15, 33.3125, 33.2500, 33.2500
2022/6/24, 14:50:20, 33.3750, 33.3125, 33.2500
2022/6/24, 14:50:25, 33.3125, 33.3125, 33.2500
2022/6/24, 14:50:30, 33.3125, 33.3750, 33.3125
2022/6/24, 14:50:35, 33.3750, 33.3750, 33.3125
2022/6/24, 14:50:40, 33.3750, 33.3750, 33.3750
2022/6/24, 14:50:45, 33.3125, 33.3750, 33.3125
2022/6/24, 14:50:50, 33.3750, 33.3750, 33.3125
2022/6/24, 14:50:55, 33.4375, 33.4375, 33.3750
2022/6/24, 14:51:0, 33.4375, 33.4375, 33.3750
2022/6/24, 14:51:5, 33.3750, 33.4375, 33.3750
2022/6/24, 14:51:10, 33.4375, 33.5000, 33.4375
2022/6/24, 14:51:15, 33.4375, 33.5000, 33.3750
2022/6/24, 14:51:20, 33.5000, 33.5000, 33.3750
2022/6/24, 14:51:25, 33.5000, 33.4375, 33.4375
2022/6/24, 14:51:30, 33.5000, 33.5000, 33.5000
2022/6/24, 14:51:35, 33.5000, 33.5625, 33.5000
2022/6/24, 14:51:40, 33.5625, 33.5625, 33.4375
2022/6/24, 14:51:45, 33.5625, 33.5625, 33.4375
2022/6/24, 14:51:50, 33.5625, 33.5625, 33.5000
2022/6/24, 14:51:55, 33.5625, 33.5625, 33.5000
2022/6/24, 14:52:0, 33.6250, 33.6250, 33.5625
2022/6/24, 14:52:5, 33.6250, 33.6250, 33.5625
2022/6/24, 14:52:10, 33.6250, 33.6250, 33.5000
2022/6/24, 14:52:15, 33.6250, 33.6875, 33.5625
2022/6/24, 14:52:20, 33.6875, 33.6875, 33.5625
2022/6/24, 14:52:25, 33.6875, 33.6875, 33.5625
2022/6/24, 14:52:30, 33.6875, 33.6250, 33.6250
2022/6/24, 14:52:35, 33.6875, 33.6875, 33.6250
2022/6/24, 14:52:40, 33.7500, 33.6875, 33.6250
2022/6/24, 14:52:45, 33.6875, 33.6875, 33.6250
2022/6/24, 14:52:50, 33.7500, 33.6875, 33.6250
2022/6/24, 14:52:55, 33.8125, 33.7500, 33.6875
2022/6/24, 14:53:0, 33.7500, 33.7500, 33.6875
2022/6/24, 14:53:5, 33.7500, 33.7500, 33.6875
2022/6/24, 14:53:10, 33.8125, 33.7500, 33.6875
2022/6/24, 14:53:15, 33.8125, 33.8125, 33.7500
2022/6/24, 14:53:20, 33.8125, 33.8125, 33.7500
2022/6/24, 14:53:25, 33.8125, 33.8125, 33.7500
2022/6/24, 14:53:30, 33.8125, 33.8750, 33.8125
2022/6/24, 14:53:35, 33.8750, 33.8125, 33.7500
2022/6/24, 14:53:40, 33.8750, 33.8750, 33.8125
2022/6/24, 14:53:45, 33.8750, 33.8750, 33.7500
2022/6/24, 14:53:50, 33.9375, 33.8750, 33.8125
2022/6/24, 14:53:55, 33.9375, 33.8750, 33.8125
2022/6/24, 14:54:0, 33.9375, 33.9375, 33.8750
2022/6/24, 14:54:5, 34.0000, 33.8750, 33.8750
2022/6/24, 14:54:10, 33.9375, 33.9375, 33.8750
2022/6/24, 14:54:15, 34.0000, 34.0000, 33.8750
2022/6/24, 14:54:20, 34.0000, 34.0000, 33.8750
2022/6/24, 14:54:25, 34.0000, 34.0000, 33.9375
2022/6/24, 14:54:30, 34.0000, 34.0000, 33.9375
2022/6/24, 14:54:35, 34.0625, 34.0000, 33.9375
2022/6/24, 14:54:40, 34.0000, 34.0625, 33.9375
2022/6/24, 14:54:45, 34.0625, 34.0625, 34.0000
2022/6/24, 14:54:50, 34.1250, 34.0625, 34.0000
2022/6/24, 14:54:55, 34.0625, 34.0625, 33.9375
2022/6/24, 14:55:0, 34.0625, 34.1250, 34.0625
2022/6/24, 14:55:5, 34.1250, 34.1250, 34.0000
2022/6/24, 14:55:10, 34.1250, 34.1250, 34.0000
2022/6/24, 14:55:15, 34.1875, 34.1250, 34.0625
2022/6/24, 14:55:20, 34.1250, 34.1250, 34.0625
2022/6/24, 14:55:25, 34.1875, 34.1875, 34.1250
2022/6/24, 14:55:30, 34.1875, 34.1875, 34.1250
2022/6/24, 14:55:35, 34.1875, 34.1875, 34.1250
2022/6/24, 14:55:40, 34.1875, 34.1250, 34.1250
2022/6/24, 14:55:45, 34.2500, 34.1875, 34.1250
2022/6/24, 14:55:50, 34.1875, 34.2500, 34.1875
2022/6/24, 14:55:55, 34.2500, 34.2500, 34.1875
2022/6/24, 14:56:0, 34.2500, 34.2500, 34.2500
2022/6/24, 14:56:5, 34.3125, 34.2500, 34.1875
2022/6/24, 14:56:10, 34.3125, 34.3125, 34.2500
2022/6/24, 14:56:15, 34.2500, 34.3125, 34.2500
2022/6/24, 14:56:20, 34.3125, 34.3125, 34.2500
2022/6/24, 14:56:25, 34.3125, 34.3125, 34.2500
2022/6/24, 14:56:30, 34.3750, 34.3125, 34.2500
2022/6/24, 14:56:35, 34.3125, 34.3750, 34.2500
2022/6/24, 14:56:40, 34.3750, 34.3750, 34.2500
2022/6/24, 14:56:45, 34.3125, 34.3125, 34.3125
2022/6/24, 14:56:50, 34.3750, 34.3750, 34.2500
2022/6/24, 14:56:55, 34.4375, 34.3750, 34.3125
2022/6/24, 14:57:0, 34.4375, 34.4375, 34.3750
2022/6/24, 14:57:5, 34.3750, 34.4375, 34.3750
2022/6/24, 14:57:10, 34.4375, 34.4375, 34.3750
2022/6/24, 14:57:15, 34.4375, 34.4375, 34.3750
2022/6/24, 14:57:20, 34.4375, 34.5000, 34.4375
2022/6/24, 14:57:25, 34.4375, 34.5000, 34.4375
2022/6/24, 14:57:30, 34.5000, 34.5000, 34.4375
2022/6/24, 14:57:35, 34.5000, 34.5000, 34.4375
2022/6/24, 14:57:40, 34.5000, 34.5000, 34.4375
2022/6/24, 14:57:45, 34.5625, 34.5000, 34.5000
2022/6/24, 14:57:50, 34.5000, 34.5000, 34.4375
2022/6/24, 14:57:55, 34.5625, 34.5625, 34.5000
2022/6/24, 14:58:0, 34.5625, 34.5625, 34.5000
2022/6/24, 14:58:5, 34.5625, 34.6250, 34.5625
2022/6/24, 14:58:10, 34.6250, 34.6250, 34.5000
2022/6/24, 14:58:15, 34.6250, 34.6250, 34.5625
2022/6/24, 14:58:20, 34.6250, 34.6250, 34.5625
2022/6/24, 14:58:25, 34.5625, 34.6250, 34.5625
2022/6/24, 14:58:30, 34.6250, 34.6250, 34.6250
2022/6/24, 14:58:35, 34.6875, 34.6875, 34.6250
2022/6/24, 14:58:40, 34.6250, 34.6250, 34.5625
2022/6/24, 14:58:45, 34.6875, 34.7500, 34.6250
2022/6/24, 14:58:50, 34.6875, 34.6875, 34.5625
2022/6/24, 14:58:55, 34.6875, 34.7500, 34.6250
2022/6/24, 14:59:0, 34.6875, 34.7500, 34.6250
2022/6/24, 14:59:5, 34.7500, 34.7500, 34.6250
2022/6/24, 14:59:10, 34.7500, 34.7500, 34.6875
2022/6/24, 14:59:15, 34.7500, 34.7500, 34.6875
2022/6/24, 14:59:20, 34.7500, 34.8125, 34.6875
2022/6/24, 14:59:25, 34.7500, 34.8125, 34.7500
2022/6/24, 14:59:30, 34.7500, 34.8125, 34.7500
2022/6/24, 14:59:35, 34.8125, 34.7500, 34.7500
2022/6/24, 14:59:40, 34.8125, 34.8125, 34.7500
2022/6/24, 14:59:45, 34.8125, 34.8750, 34.7500
2022/6/24, 14:59:50, 34.8125, 34.8750, 34.8125
2022/6/24, 14:59:55, 34.8750, 34.8750, 34.7500
2022/6/24, 15:0:0, 34.8750, 34.9375, 34.8125
2022/6/24, 15:0:5, 34.9375, 34.8750, 34.8125
2022/6/24, 15:0:10, 34.8750, 34.9375, 34.8125
2022/6/24, 15:0:15, 34.8750, 34.9375, 34.8125
2022/6/24, 15:0:20, 34.8750, 34.9375, 34.8750
2022/6/24, 15:0:25, 34.9375, 34.9375, 34.9375
2022/6/24, 15:0:30, 34.9375, 35.0000, 34.8750
2022/6/24, 15:0:35, 34.9375, 35.0000, 34.9375
2022/6/24, 15:0:40, 34.9375, 35.0000, 34.9375
2022/6/24, 15:0:45, 34.9375, 35.0625, 34.9375
2022/6/24, 15:0:50, 35.0625, 35.0000, 34.9375
2022/6/24, 15:0:55, 35.0000, 35.0000, 35.0000
2022/6/24, 15:1:0, 35.0000, 35.0625, 34.9375
2022/6/24, 15:1:5, 35.0000, 35.0625, 34.9375
2022/6/24, 15:1:10, 35.0000, 35.0625, 35.0000
2022/6/24, 15:1:15, 35.0625, 35.1250, 35.0000
2022/6/24, 15:1:20, 35.0000, 35.1250, 35.0000
2022/6/24, 15:1:25, 35.0625, 35.1250, 35.0625
2022/6/24, 15:1:30, 35.0625, 35.1250, 35.0625
2022/6/24, 15:1:35, 35.0625, 35.1250, 35.0000
2022/6/24, 15:1:40, 35.1250, 35.1250, 35.0625
2022/6/24, 15:1:45, 35.1250, 35.1875, 35.0625
2022/6/24, 15:1:50, 35.1250, 35.1250, 35.1250
2022/6/24, 15:1:55, 35.1250, 35.1875, 35.0625
2022/6/24, 15:2:0, 35.1250, 35.1875, 35.1250
2022/6/24, 15:2:5, 35.1875, 35.1875, 35.1875
2022/6/24, 15:2:10, 35.1875, 35.2500, 35.1250
2022/6/24, 15:2:15, 35.1875, 35.2500, 35.1250
2022/6/24, 15:2:20, 35.2500, 35.2500, 35.1875
2022/6/24, 15:2:25, 35.2500, 35.2500, 35.1875
2022/6/24, 15:2:30, 35.1875, 35.2500, 35.1875
2022/6/24, 15:2:35, 35.2500, 35.3125, 35.1875
2022/6/24, 15:2:40, 35.3125, 35.3125, 35.2500
2022/6/24, 15:2:45, 35.2500, 35.3125, 35.2500
2022/6/24, 15:2:50, 35.3125, 35.3750, 35.2500
2022/6/24, 15:2:55, 35.3125, 35.3750, 35.3125
2022/6/24, 15:3:0, 35.3125, 35.3750, 35.3125
2022/6/24, 15:3:5, 35.3750, 35.3750, 35.3750
2022/6/24, 15:3:10, 35.3750, 35.3750, 35.3125
2022/6/24, 15:3:15, 35.3750, 35.3750, 35.3750
2022/6/24, 15:3:20, 35.3750, 35.3750, 35.3750
2022/6/24, 15:3:25, 35.4375, 35.4375, 35.3125
2022/6/24, 15:3:30, 35.4375, 35.4375, 35.4375
2022/6/24, 15:3:35, 35.3750, 35.4375, 35.3750
2022/6/24, 15:3:40, 35.4375, 35.4375, 35.3750
2022/6/24, 15:3:45, 35.4375, 35.4375, 35.3750
2022/6/24, 15:3:50, 35.5000, 35.5000, 35.3750
2022/6/24, 15:3:55, 35.4375, 35.5000, 35.4375
2022/6/24, 15:4:0, 35.4375, 35.5625, 35.5000
2022/6/24, 15:4:5, 35.5000, 35.5625, 35.5000
2022/6/24, 15:4:10, 35.5000, 35.5625, 35.4375
2022/6/24, 15:4:15, 35.5625, 35.5625, 35.5000
2022/6/24, 15:4:20, 35.5000, 35.5625, 35.5000
2022/6/24, 15:4:25, 35.5625, 35.6250, 35.5000
2022/6/24, 15:4:30, 35.5625, 35.5625, 35.5625
2022/6/24, 15:4:35, 35.6250, 35.6250, 35.5625
2022/6/24, 15:4:40, 35.6250, 35.6875, 35.5625
2022/6/24, 15:4:45, 35.6250, 35.6250, 35.5625
2022/6/24, 15:4:50, 35.5625, 35.6250, 35.5625
2022/6/24, 15:4:55, 35.6250, 35.6250, 35.5625
2022/6/24, 15:5:0, 35.6250, 35.6875, 35.6250
2022/6/24, 15:5:5, 35.6250, 35.6875, 35.6250
2022/6/24, 15:5:10, 35.6875, 35.6875, 35.6250
2022/6/24, 15:5:15, 35.6875, 35.7500, 35.6250
2022/6/24, 15:5:20, 35.6875, 35.7500, 35.6875
2022/6/24, 15:5:25, 35.7500, 35.6875, 35.6875
2022/6/24, 15:5:30, 35.7500, 35.7500, 35.6875
2022/6/24, 15:5:35, 35.7500, 35.7500, 35.7500
2022/6/24, 15:5:40, 35.7500, 35.7500, 35.6875
2022/6/24, 15:5:45, 35.8125, 35.8125, 35.7500
2022/6/24, 15:5:50, 35.7500, 35.8125, 35.7500
2022/6/24, 15:5:55, 35.7500, 35.8125, 35.7500
2022/6/24, 15:6:0, 35.8125, 35.8125, 35.7500
2022/6/24, 15:6:5, 35.8125, 35.8750, 35.8125
2022/6/24, 15:6:10, 35.8125, 35.8750, 35.7500
2022/6/24, 15:6:15, 35.8750, 35.8750, 35.8125
2022/6/24, 15:6:20, 35.8750, 35.8750, 35.8125
2022/6/24, 15:6:25, 35.8750, 35.8750, 35.8750
2022/6/24, 15:6:30, 35.8750, 35.9375, 35.8125
2022/6/24, 15:6:35, 35.9375, 35.8750, 35.8750
2022/6/24, 15:6:40, 35.8750, 35.9375, 35.8750
2022/6/24, 15:6:45, 35.9375, 35.8750, 35.8750
2022/6/24, 15:6:50, 35.9375, 35.9375, 35.9375
2022/6/24, 15:6:55, 35.9375, 35.9375, 35.9375
2022/6/24, 15:7:0, 36.0000, 35.9375, 35.9375
2022/6/24, 15:7:5, 35.9375, 36.0000, 36.0000
2022/6/24, 15:7:10, 36.0000, 36.0000, 35.9375
2022/6/24, 15:7:15, 36.0000, 36.0000, 36.0000
2022/6/24, 15:7:20, 36.0000, 36.0625, 35.9375
2022/6/24, 15:7:25, 36.0000, 36.0000, 36.0000
2022/6/24, 15:7:30, 36.0625, 36.0625, 36.0000
2022/6/24, 15:7:35, 36.0625, 36.1250, 36.0625
2022/6/24, 15:7:40, 36.0625, 36.0625, 36.0625
2022/6/24, 15:7:45, 36.0625, 36.1250, 36.0625
2022/6/24, 15:7:50, 36.1250, 36.1250, 36.0625
2022/6/24, 15:7:55, 36.1875, 36.1250, 36.1250
2022/6/24, 15:8:0, 36.1250, 36.1250, 36.0625
2022/6/24, 15:8:5, 36.1875, 36.1250, 36.1250
2022/6/24, 15:8:10, 36.1875, 36.1875, 36.1875
